0,62,Model-SolarPanel,0.621667,7.67
0,63,Model-MPPT,0,0,0,0
0,64,Model-Sun,Ir,
1,62,Model-SolarPanel,out_mppt_voltage_1,6.21667
1,62,Model-SolarPanel,out_mppt_voltage_2,6.21667
1,62,Model-SolarPanel,out_mppt_voltage_3,6.21667
1,62,Model-SolarPanel,out_mppt_voltage_4,6.21667
1,62,Model-SolarPanel,0.59,8.18654
1,63,Model-MPPT,6.21667,6.21667,6.21667,6.21667
1,64,Model-Sun,out_temperature,20
1,64,Model-Sun,out_irridiance,800
1,64,Model-Sun,26,21
2,62,Model-SolarPanel,out_mppt_voltage_1,5.095
2,62,Model-SolarPanel,out_mppt_voltage_2,3.97333
2,62,Model-SolarPanel,out_mppt_voltage_3,3.97333
2,62,Model-SolarPanel,out_mppt_voltage_4,6.21667
2,62,Model-SolarPanel,0.46,0.20975
2,63,Model-MPPT,11.3117,10.19,11.3117,12.4333
2,64,Model-Sun,out_temperature,26
2,64,Model-Sun,out_irridiance,21
2,64,Model-Sun,28,148
3,62,Model-SolarPanel,out_mppt_voltage_1,3.72
3,62,Model-SolarPanel,out_mppt_voltage_2,4.81
3,62,Model-SolarPanel,out_mppt_voltage_3,5.9
3,62,Model-SolarPanel,out_mppt_voltage_4,4.81
3,62,Model-SolarPanel,0.53,1.49151
3,63,Model-MPPT,15.0317,15,15.0317,17.2433
3,64,Model-Sun,out_temperature,28
3,64,Model-Sun,out_irridiance,148
3,64,Model-Sun,30,314
4,62,Model-SolarPanel,out_mppt_voltage_1,4.6
4,62,Model-SolarPanel,out_mppt_voltage_2,3.64
4,62,Model-SolarPanel,out_mppt_voltage_3,3.64
4,62,Model-SolarPanel,out_mppt_voltage_4,3.64
4,62,Model-SolarPanel,0.56,3.15371
4,63,Model-MPPT,19.6317,18.64,19.6317,20.8833
4,64,Model-Sun,out_temperature,30
4,64,Model-Sun,out_irridiance,314
4,64,Model-Sun,34,478
5,62,Model-SolarPanel,out_mppt_voltage_1,5.3
5,62,Model-SolarPanel,out_mppt_voltage_2,4.27
5,62,Model-SolarPanel,out_mppt_voltage_3,5.3
5,62,Model-SolarPanel,out_mppt_voltage_4,5.3
5,62,Model-SolarPanel,0.57,4.84363
5,63,Model-MPPT,24.9317,22.91,24.9317,26.1833
5,64,Model-Sun,out_temperature,34
5,64,Model-Sun,out_irridiance,478
5,64,Model-Sun,37,706
6,62,Model-SolarPanel,out_mppt_voltage_1,5.6
6,62,Model-SolarPanel,out_mppt_voltage_2,4.54
6,62,Model-SolarPanel,out_mppt_voltage_3,4.54
6,62,Model-SolarPanel,out_mppt_voltage_4,4.54
6,62,Model-SolarPanel,0.58,7.20459
6,63,Model-MPPT,30.5317,27.45,30.5317,30.7233
6,64,Model-Sun,out_temperature,37
6,64,Model-Sun,out_irridiance,706
6,64,Model-Sun,39,812
7,62,Model-SolarPanel,out_mppt_voltage_1,4.63
7,62,Model-SolarPanel,out_mppt_voltage_2,4.63
7,62,Model-SolarPanel,out_mppt_voltage_3,5.7
7,62,Model-SolarPanel,out_mppt_voltage_4,3.56
7,62,Model-SolarPanel,0.59,8.2156
7,63,Model-MPPT,35.1617,32.08,35.1617,34.2833
7,64,Model-Sun,out_temperature,39
7,64,Model-Sun,out_irridiance,812
7,64,Model-Sun,40,841
8,62,Model-SolarPanel,out_mppt_voltage_1,2.56
8,62,Model-SolarPanel,out_mppt_voltage_2,4.72
8,62,Model-SolarPanel,out_mppt_voltage_3,3.64
8,62,Model-SolarPanel,out_mppt_voltage_4,5.8
8,62,Model-SolarPanel,0.59,8.52447
8,63,Model-MPPT,37.7217,36.8,37.7217,40.0833
8,64,Model-Sun,out_temperature,40
8,64,Model-Sun,out_irridiance,841
8,64,Model-Sun,41,792
9,62,Model-SolarPanel,out_mppt_voltage_1,5.9
9,62,Model-SolarPanel,out_mppt_voltage_2,5.9
9,62,Model-SolarPanel,out_mppt_voltage_3,3.72
9,62,Model-SolarPanel,out_mppt_voltage_4,5.9
9,62,Model-SolarPanel,0.59,7.9878
9,63,Model-MPPT,43.6217,42.7,43.6217,45.9833
9,64,Model-Sun,out_temperature,41
9,64,Model-Sun,out_irridiance,792
9,64,Model-Sun,41,755
10,62,Model-SolarPanel,out_mppt_voltage_1,4.81
10,62,Model-SolarPanel,out_mppt_voltage_2,4.81
10,62,Model-SolarPanel,out_mppt_voltage_3,4.81
10,62,Model-SolarPanel,out_mppt_voltage_4,4.81
10,62,Model-SolarPanel,0.59,7.58672
10,63,Model-MPPT,48.4317,47.51,48.4317,50.7933
10,64,Model-Sun,out_temperature,41
10,64,Model-Sun,out_irridiance,755
10,64,Model-Sun,41,607
11,62,Model-SolarPanel,out_mppt_voltage_1,5.9
11,62,Model-SolarPanel,out_mppt_voltage_2,3.72
11,62,Model-SolarPanel,out_mppt_voltage_3,4.81
11,62,Model-SolarPanel,out_mppt_voltage_4,4.81
11,62,Model-SolarPanel,0.58,6.11286
11,63,Model-MPPT,54.3317,51.23,54.3317,55.6033
11,64,Model-Sun,out_temperature,41
11,64,Model-Sun,out_irridiance,607
11,64,Model-Sun,40,448
12,62,Model-SolarPanel,out_mppt_voltage_1,3.72
12,62,Model-SolarPanel,out_mppt_voltage_2,3.72
12,62,Model-SolarPanel,out_mppt_voltage_3,3.72
12,62,Model-SolarPanel,out_mppt_voltage_4,3.72
12,62,Model-SolarPanel,0.57,4.49521
12,63,Model-MPPT,58.0517,54.95,58.0517,59.3233
12,64,Model-Sun,out_temperature,40
12,64,Model-Sun,out_irridiance,448
12,64,Model-Sun,39,245
13,62,Model-SolarPanel,out_mppt_voltage_1,2.56
13,62,Model-SolarPanel,out_mppt_voltage_2,5.8
13,62,Model-SolarPanel,out_mppt_voltage_3,5.8
13,62,Model-SolarPanel,out_mppt_voltage_4,5.8
13,62,Model-SolarPanel,0.54,2.48602
13,63,Model-MPPT,60.6117,60.75,60.6117,65.1233
13,64,Model-Sun,out_temperature,39
13,64,Model-Sun,out_irridiance,245
13,64,Model-Sun,38,78
14,62,Model-SolarPanel,out_mppt_voltage_1,3.56
14,62,Model-SolarPanel,out_mppt_voltage_2,5.7
14,62,Model-SolarPanel,out_mppt_voltage_3,4.63
14,62,Model-SolarPanel,out_mppt_voltage_4,5.7
14,62,Model-SolarPanel,0.5,0.783576
14,63,Model-MPPT,64.1717,66.45,64.1717,70.8233
14,64,Model-Sun,out_temperature,38
14,64,Model-Sun,out_irridiance,78
14,64,Model-Sun,34,5
15,62,Model-SolarPanel,out_mppt_voltage_1,4.36
15,62,Model-SolarPanel,out_mppt_voltage_2,4.36
15,62,Model-SolarPanel,out_mppt_voltage_3,5.4
15,62,Model-SolarPanel,out_mppt_voltage_4,3.32
15,62,Model-SolarPanel,0.4,0.0495388
15,63,Model-MPPT,68.5317,70.81,68.5317,74.1433
15,64,Model-Sun,out_temperature,34
15,64,Model-Sun,out_irridiance,5
15,64,Model-Sun,32,0
16,62,Model-SolarPanel,out_mppt_voltage_1,5
16,62,Model-SolarPanel,out_mppt_voltage_2,3
16,62,Model-SolarPanel,out_mppt_voltage_3,5
16,62,Model-SolarPanel,out_mppt_voltage_4,5
16,62,Model-SolarPanel,0,0
16,63,Model-MPPT,73.5317,73.81,73.5317,79.1433
16,64,Model-Sun,out_temperature,32
16,64,Model-Sun,out_irridiance,0
16,64,Model-Sun,31,0
17,62,Model-SolarPanel,out_mppt_voltage_1,1.3
17,62,Model-SolarPanel,out_mppt_voltage_2,4
17,62,Model-SolarPanel,out_mppt_voltage_3,3.1
17,62,Model-SolarPanel,out_mppt_voltage_4,4
17,62,Model-SolarPanel,0,0
17,63,Model-MPPT,74.8317,77.81,74.8317,83.1433
17,64,Model-Sun,out_temperature,31
17,64,Model-Sun,out_irridiance,0
17,64,Model-Sun,30,0
18,62,Model-SolarPanel,out_mppt_voltage_1,0
18,62,Model-SolarPanel,out_mppt_voltage_2,-0.5
18,62,Model-SolarPanel,out_mppt_voltage_3,-1
18,62,Model-SolarPanel,out_mppt_voltage_4,0
18,62,Model-SolarPanel,0,0
18,63,Model-MPPT,74.8317,77.31,74.8317,83.1433
18,64,Model-Sun,out_temperature,30
18,64,Model-Sun,out_irridiance,0
18,64,Model-Sun,29,0
19,62,Model-SolarPanel,out_mppt_voltage_1,-0.5
19,62,Model-SolarPanel,out_mppt_voltage_2,-0.5
19,62,Model-SolarPanel,out_mppt_voltage_3,0
19,62,Model-SolarPanel,out_mppt_voltage_4,0
19,62,Model-SolarPanel,0,0
19,63,Model-MPPT,74.3317,76.81,74.3317,83.1433
19,64,Model-Sun,out_temperature,29
19,64,Model-Sun,out_irridiance,0
19,64,Model-Sun,29,0
20,62,Model-SolarPanel,out_mppt_voltage_1,-0.5
20,62,Model-SolarPanel,out_mppt_voltage_2,-0.5
20,62,Model-SolarPanel,out_mppt_voltage_3,0
20,62,Model-SolarPanel,out_mppt_voltage_4,0
20,62,Model-SolarPanel,0,0
20,63,Model-MPPT,73.8317,76.31,73.8317,83.1433
20,64,Model-Sun,out_temperature,29
20,64,Model-Sun,out_irridiance,0
20,64,Model-Sun,28,0
21,62,Model-SolarPanel,out_mppt_voltage_1,0
21,62,Model-SolarPanel,out_mppt_voltage_2,-0.5
21,62,Model-SolarPanel,out_mppt_voltage_3,0
21,62,Model-SolarPanel,out_mppt_voltage_4,-1
21,62,Model-SolarPanel,0,0
21,63,Model-MPPT,73.8317,75.81,73.8317,82.1433
21,64,Model-Sun,out_temperature,28
21,64,Model-Sun,out_irridiance,0
21,64,Model-Sun,29,0
22,62,Model-SolarPanel,out_mppt_voltage_1,-0.5
22,62,Model-SolarPanel,out_mppt_voltage_2,0
22,62,Model-SolarPanel,out_mppt_voltage_3,-1
22,62,Model-SolarPanel,out_mppt_voltage_4,0
22,62,Model-SolarPanel,0,0
22,63,Model-MPPT,73.3317,75.81,73.3317,82.1433
22,64,Model-Sun,out_temperature,29
22,64,Model-Sun,out_irridiance,0
22,64,Model-Sun,28,0
23,62,Model-SolarPanel,out_mppt_voltage_1,-1
23,62,Model-SolarPanel,out_mppt_voltage_2,-0.5
23,62,Model-SolarPanel,out_mppt_voltage_3,-0.5
23,62,Model-SolarPanel,out_mppt_voltage_4,-1.5
23,62,Model-SolarPanel,0,0
23,63,Model-MPPT,72.3317,75.31,72.3317,80.6433
23,64,Model-Sun,out_temperature,28
23,64,Model-Sun,out_irridiance,0
23,64,Model-Sun,27,0
24,62,Model-SolarPanel,out_mppt_voltage_1,-1
24,62,Model-SolarPanel,out_mppt_voltage_2,-1.5
24,62,Model-SolarPanel,out_mppt_voltage_3,0
24,62,Model-SolarPanel,out_mppt_voltage_4,0
24,62,Model-SolarPanel,0,0
24,63,Model-MPPT,71.3317,73.81,71.3317,80.6433
24,64,Model-Sun,out_temperature,27
24,64,Model-Sun,out_irridiance,0
24,64,Model-Sun,27,0
25,62,Model-SolarPanel,out_mppt_voltage_1,0
25,62,Model-SolarPanel,out_mppt_voltage_2,-1
25,62,Model-SolarPanel,out_mppt_voltage_3,-1
25,62,Model-SolarPanel,out_mppt_voltage_4,0
25,62,Model-SolarPanel,0,0
25,63,Model-MPPT,71.3317,72.81,71.3317,80.6433
25,64,Model-Sun,out_temperature,27
25,64,Model-Sun,out_irridiance,0
25,64,Model-Sun,27,23
26,62,Model-SolarPanel,out_mppt_voltage_1,-0.5
26,62,Model-SolarPanel,out_mppt_voltage_2,-0.5
26,62,Model-SolarPanel,out_mppt_voltage_3,-0.5
26,62,Model-SolarPanel,out_mppt_voltage_4,-0.5
26,62,Model-SolarPanel,0.46,0.231044
26,63,Model-MPPT,70.8317,72.31,70.8317,80.1433
26,64,Model-Sun,out_temperature,27
26,64,Model-Sun,out_irridiance,23
26,64,Model-Sun,28,133
27,62,Model-SolarPanel,out_mppt_voltage_1,-0.5
27,62,Model-SolarPanel,out_mppt_voltage_2,0
27,62,Model-SolarPanel,out_mppt_voltage_3,-0.5
27,62,Model-SolarPanel,out_mppt_voltage_4,0
27,62,Model-SolarPanel,0.52,1.35448
27,63,Model-MPPT,70.3317,72.31,70.3317,80.1433
27,64,Model-Sun,out_temperature,28
27,64,Model-Sun,out_irridiance,133
27,64,Model-Sun,30,285
28,62,Model-SolarPanel,out_mppt_voltage_1,4.6
28,62,Model-SolarPanel,out_mppt_voltage_2,3.64
28,62,Model-SolarPanel,out_mppt_voltage_3,4.6
28,62,Model-SolarPanel,out_mppt_voltage_4,4.6
28,62,Model-SolarPanel,0.55,2.89569
28,63,Model-MPPT,74.9317,75.95,74.9317,84.7433
28,64,Model-Sun,out_temperature,30
28,64,Model-Sun,out_irridiance,285
28,64,Model-Sun,33,419
29,62,Model-SolarPanel,out_mppt_voltage_1,3.16
29,62,Model-SolarPanel,out_mppt_voltage_2,3.16
29,62,Model-SolarPanel,out_mppt_voltage_3,4.18
29,62,Model-SolarPanel,out_mppt_voltage_4,3.16
29,62,Model-SolarPanel,0.57,4.20787
29,63,Model-MPPT,78.0917,79.11,78.0917,87.9033
29,64,Model-Sun,out_temperature,33
29,64,Model-Sun,out_irridiance,419
29,64,Model-Sun,35,563
30,62,Model-SolarPanel,out_mppt_voltage_1,5.5
30,62,Model-SolarPanel,out_mppt_voltage_2,4.45
30,62,Model-SolarPanel,out_mppt_voltage_3,5.5
30,62,Model-SolarPanel,out_mppt_voltage_4,4.45
30,62,Model-SolarPanel,0.58,5.66364
30,63,Model-MPPT,83.5917,83.56,83.5917,92.3533
30,64,Model-Sun,out_temperature,35
30,64,Model-Sun,out_irridiance,563
30,64,Model-Sun,37,702
31,62,Model-SolarPanel,out_mppt_voltage_1,5.7
31,62,Model-SolarPanel,out_mppt_voltage_2,5.7
31,62,Model-SolarPanel,out_mppt_voltage_3,4.63
31,62,Model-SolarPanel,out_mppt_voltage_4,4.63
31,62,Model-SolarPanel,0.58,7.16123
31,63,Model-MPPT,89.2917,89.26,89.2917,96.9833
31,64,Model-Sun,out_temperature,37
31,64,Model-Sun,out_irridiance,702
31,64,Model-Sun,39,793
32,62,Model-SolarPanel,out_mppt_voltage_1,3.64
32,62,Model-SolarPanel,out_mppt_voltage_2,5.8
32,62,Model-SolarPanel,out_mppt_voltage_3,5.8
32,62,Model-SolarPanel,out_mppt_voltage_4,5.8
32,62,Model-SolarPanel,0.59,8.00964
32,63,Model-MPPT,92.9317,95.06,92.9317,102.783
32,64,Model-Sun,out_temperature,39
32,64,Model-Sun,out_irridiance,793
32,64,Model-Sun,39,782
33,62,Model-SolarPanel,out_mppt_voltage_1,3.64
33,62,Model-SolarPanel,out_mppt_voltage_2,3.64
33,62,Model-SolarPanel,out_mppt_voltage_3,5.8
33,62,Model-SolarPanel,out_mppt_voltage_4,4.72
33,62,Model-SolarPanel,0.59,7.8904
33,63,Model-MPPT,96.5717,98.7,96.5717,107.503
33,64,Model-Sun,out_temperature,39
33,64,Model-Sun,out_irridiance,782
33,64,Model-Sun,40,645
34,62,Model-SolarPanel,out_mppt_voltage_1,5.9
34,62,Model-SolarPanel,out_mppt_voltage_2,4.81
34,62,Model-SolarPanel,out_mppt_voltage_3,5.9
34,62,Model-SolarPanel,out_mppt_voltage_4,5.9
34,62,Model-SolarPanel,0.58,6.52945
34,63,Model-MPPT,102.472,103.51,102.472,113.403
34,64,Model-Sun,out_temperature,40
34,64,Model-Sun,out_irridiance,645
34,64,Model-Sun,39,495
35,62,Model-SolarPanel,out_mppt_voltage_1,5.9
35,62,Model-SolarPanel,out_mppt_voltage_2,4.81
35,62,Model-SolarPanel,out_mppt_voltage_3,5.9
35,62,Model-SolarPanel,out_mppt_voltage_4,1.54
35,62,Model-SolarPanel,0.57,5.0086
35,63,Model-MPPT,108.372,108.32,108.372,114.943
35,64,Model-Sun,out_temperature,39
35,64,Model-Sun,out_irridiance,495
35,64,Model-Sun,38,279
36,62,Model-SolarPanel,out_mppt_voltage_1,4.72
36,62,Model-SolarPanel,out_mppt_voltage_2,4.72
36,62,Model-SolarPanel,out_mppt_voltage_3,3.64
36,62,Model-SolarPanel,out_mppt_voltage_4,4.72
36,62,Model-SolarPanel,0.55,2.80953
36,63,Model-MPPT,113.092,113.04,113.092,119.663
36,64,Model-Sun,out_temperature,38
36,64,Model-Sun,out_irridiance,279
36,64,Model-Sun,37,169
37,62,Model-SolarPanel,out_mppt_voltage_1,5.7
37,62,Model-SolarPanel,out_mppt_voltage_2,5.7
37,62,Model-SolarPanel,out_mppt_voltage_3,5.7
37,62,Model-SolarPanel,out_mppt_voltage_4,5.7
37,62,Model-SolarPanel,0.53,1.70317
37,63,Model-MPPT,118.792,118.74,118.792,125.363
37,64,Model-Sun,out_temperature,37
37,64,Model-Sun,out_irridiance,169
37,64,Model-Sun,36,61
38,62,Model-SolarPanel,out_mppt_voltage_1,4.45
38,62,Model-SolarPanel,out_mppt_voltage_2,5.5
38,62,Model-SolarPanel,out_mppt_voltage_3,4.45
38,62,Model-SolarPanel,out_mppt_voltage_4,4.45
38,62,Model-SolarPanel,0.49,0.614599
38,63,Model-MPPT,123.242,124.24,123.242,129.813
38,64,Model-Sun,out_temperature,36
38,64,Model-Sun,out_irridiance,61
38,64,Model-Sun,34,6
39,62,Model-SolarPanel,out_mppt_voltage_1,5.3
39,62,Model-SolarPanel,out_mppt_voltage_2,4.27
39,62,Model-SolarPanel,out_mppt_voltage_3,2.21
39,62,Model-SolarPanel,out_mppt_voltage_4,4.27
39,62,Model-SolarPanel,0.41,0.0590431
39,63,Model-MPPT,128.542,128.51,128.542,134.083
39,64,Model-Sun,out_temperature,34
39,64,Model-Sun,out_irridiance,6
39,64,Model-Sun,32,0
40,62,Model-SolarPanel,out_mppt_voltage_1,3.91
40,62,Model-SolarPanel,out_mppt_voltage_2,2.92
40,62,Model-SolarPanel,out_mppt_voltage_3,4.9
40,62,Model-SolarPanel,out_mppt_voltage_4,4.9
40,62,Model-SolarPanel,0,0
40,63,Model-MPPT,132.452,131.43,132.452,138.983
40,64,Model-Sun,out_temperature,32
40,64,Model-Sun,out_irridiance,0
40,64,Model-Sun,31,0
41,62,Model-SolarPanel,out_mppt_voltage_1,2.28
41,62,Model-SolarPanel,out_mppt_voltage_2,3.19
41,62,Model-SolarPanel,out_mppt_voltage_3,3.19
41,62,Model-SolarPanel,out_mppt_voltage_4,3.19
41,62,Model-SolarPanel,0,0
41,63,Model-MPPT,134.732,134.62,134.732,142.173
41,64,Model-Sun,out_temperature,31
41,64,Model-Sun,out_irridiance,0
41,64,Model-Sun,30,0
42,62,Model-SolarPanel,out_mppt_voltage_1,0
42,62,Model-SolarPanel,out_mppt_voltage_2,-1
42,62,Model-SolarPanel,out_mppt_voltage_3,-0.5
42,62,Model-SolarPanel,out_mppt_voltage_4,-1
42,62,Model-SolarPanel,0,0
42,63,Model-MPPT,134.732,133.62,134.732,141.173
42,64,Model-Sun,out_temperature,30
42,64,Model-Sun,out_irridiance,0
42,64,Model-Sun,29,0
43,62,Model-SolarPanel,out_mppt_voltage_1,-0.5
43,62,Model-SolarPanel,out_mppt_voltage_2,-1.5
43,62,Model-SolarPanel,out_mppt_voltage_3,0
43,62,Model-SolarPanel,out_mppt_voltage_4,-1
43,62,Model-SolarPanel,0,0
43,63,Model-MPPT,134.232,132.12,134.232,140.173
43,64,Model-Sun,out_temperature,29
43,64,Model-Sun,out_irridiance,0
43,64,Model-Sun,28,0
44,62,Model-SolarPanel,out_mppt_voltage_1,-0.5
44,62,Model-SolarPanel,out_mppt_voltage_2,0
44,62,Model-SolarPanel,out_mppt_voltage_3,0
44,62,Model-SolarPanel,out_mppt_voltage_4,-1
44,62,Model-SolarPanel,0,0
44,63,Model-MPPT,133.732,132.12,133.732,139.173
44,64,Model-Sun,out_temperature,28
44,64,Model-Sun,out_irridiance,0
44,64,Model-Sun,28,0
45,62,Model-SolarPanel,out_mppt_voltage_1,-1
45,62,Model-SolarPanel,out_mppt_voltage_2,0
45,62,Model-SolarPanel,out_mppt_voltage_3,-1
45,62,Model-SolarPanel,out_mppt_voltage_4,0
45,62,Model-SolarPanel,0,0
45,63,Model-MPPT,132.732,132.12,132.732,139.173
45,64,Model-Sun,out_temperature,28
45,64,Model-Sun,out_irridiance,0
45,64,Model-Sun,28,0
46,62,Model-SolarPanel,out_mppt_voltage_1,-1
46,62,Model-SolarPanel,out_mppt_voltage_2,0
46,62,Model-SolarPanel,out_mppt_voltage_3,0
46,62,Model-SolarPanel,out_mppt_voltage_4,0
46,62,Model-SolarPanel,0,0
46,63,Model-MPPT,131.732,132.12,131.732,139.173
46,64,Model-Sun,out_temperature,28
46,64,Model-Sun,out_irridiance,0
46,64,Model-Sun,28,0
47,62,Model-SolarPanel,out_mppt_voltage_1,-0.5
47,62,Model-SolarPanel,out_mppt_voltage_2,0
47,62,Model-SolarPanel,out_mppt_voltage_3,0
47,62,Model-SolarPanel,out_mppt_voltage_4,0
47,62,Model-SolarPanel,0,0
47,63,Model-MPPT,131.232,132.12,131.232,139.173
47,64,Model-Sun,out_temperature,28
47,64,Model-Sun,out_irridiance,0
47,64,Model-Sun,27,0
48,62,Model-SolarPanel,out_mppt_voltage_1,-1
48,62,Model-SolarPanel,out_mppt_voltage_2,0
48,62,Model-SolarPanel,out_mppt_voltage_3,-0.5
48,62,Model-SolarPanel,out_mppt_voltage_4,0
48,62,Model-SolarPanel,0,0
48,63,Model-MPPT,130.232,132.12,130.232,139.173
48,64,Model-Sun,out_temperature,27
48,64,Model-Sun,out_irridiance,0
48,64,Model-Sun,27,0
49,62,Model-SolarPanel,out_mppt_voltage_1,0
49,62,Model-SolarPanel,out_mppt_voltage_2,-0.5
49,62,Model-SolarPanel,out_mppt_voltage_3,-0.5
49,62,Model-SolarPanel,out_mppt_voltage_4,-0.5
49,62,Model-SolarPanel,0,0
49,63,Model-MPPT,130.232,131.62,130.232,138.673
49,64,Model-Sun,out_temperature,27
49,64,Model-Sun,out_irridiance,0
49,64,Model-Sun,27,23
50,62,Model-SolarPanel,out_mppt_voltage_1,0
50,62,Model-SolarPanel,out_mppt_voltage_2,-1
50,62,Model-SolarPanel,out_mppt_voltage_3,0
50,62,Model-SolarPanel,out_mppt_voltage_4,-0.5
50,62,Model-SolarPanel,0.46,0.231044
50,63,Model-MPPT,130.232,130.62,130.232,138.173
50,64,Model-Sun,out_temperature,27
50,64,Model-Sun,out_irridiance,23
50,64,Model-Sun,29,143
51,62,Model-SolarPanel,out_mppt_voltage_1,0
51,62,Model-SolarPanel,out_mppt_voltage_2,-1
51,62,Model-SolarPanel,out_mppt_voltage_3,-0.5
51,62,Model-SolarPanel,out_mppt_voltage_4,0
51,62,Model-SolarPanel,0.53,1.43559
51,63,Model-MPPT,130.232,129.62,130.232,138.173
51,64,Model-Sun,out_temperature,29
51,64,Model-Sun,out_irridiance,143
51,64,Model-Sun,32,308
52,62,Model-SolarPanel,out_mppt_voltage_1,3.64
52,62,Model-SolarPanel,out_mppt_voltage_2,3.64
52,62,Model-SolarPanel,out_mppt_voltage_3,4.6
52,62,Model-SolarPanel,out_mppt_voltage_4,3.64
52,62,Model-SolarPanel,0.55,3.13983
52,63,Model-MPPT,133.872,133.26,133.872,141.813
52,64,Model-Sun,out_temperature,32
52,64,Model-Sun,out_irridiance,308
52,64,Model-Sun,36,501
53,62,Model-SolarPanel,out_mppt_voltage_1,3.24
53,62,Model-SolarPanel,out_mppt_voltage_2,5.3
53,62,Model-SolarPanel,out_mppt_voltage_3,4.27
53,62,Model-SolarPanel,out_mppt_voltage_4,3.24
53,62,Model-SolarPanel,0.57,5.08528
53,63,Model-MPPT,137.112,138.56,137.112,145.053
53,64,Model-Sun,out_temperature,36
53,64,Model-Sun,out_irridiance,501
53,64,Model-Sun,37,691
54,62,Model-SolarPanel,out_mppt_voltage_1,2.35
54,62,Model-SolarPanel,out_mppt_voltage_2,4.45
54,62,Model-SolarPanel,out_mppt_voltage_3,0.25
54,62,Model-SolarPanel,out_mppt_voltage_4,3.4
54,62,Model-SolarPanel,0.58,7.04199
54,63,Model-MPPT,139.462,143.01,139.462,148.453
54,64,Model-Sun,out_temperature,37
54,64,Model-Sun,out_irridiance,691
54,64,Model-Sun,38,813
55,62,Model-SolarPanel,out_mppt_voltage_1,4.63
55,62,Model-SolarPanel,out_mppt_voltage_2,4.63
55,62,Model-SolarPanel,out_mppt_voltage_3,5.7
55,62,Model-SolarPanel,out_mppt_voltage_4,5.7
55,62,Model-SolarPanel,0.59,8.23191
55,63,Model-MPPT,144.092,147.64,144.092,154.153
55,64,Model-Sun,out_temperature,38
55,64,Model-Sun,out_irridiance,813
55,64,Model-Sun,39,829
56,62,Model-SolarPanel,out_mppt_voltage_1,4.72
56,62,Model-SolarPanel,out_mppt_voltage_2,5.8
56,62,Model-SolarPanel,out_mppt_voltage_3,5.8
56,62,Model-SolarPanel,out_mppt_voltage_4,4.72
56,62,Model-SolarPanel,0.59,8.39988
56,63,Model-MPPT,148.812,153.44,148.812,158.873
56,64,Model-Sun,out_temperature,39
56,64,Model-Sun,out_irridiance,829
56,64,Model-Sun,40,821
57,62,Model-SolarPanel,out_mppt_voltage_1,5.9
57,62,Model-SolarPanel,out_mppt_voltage_2,4.81
57,62,Model-SolarPanel,out_mppt_voltage_3,2.63
57,62,Model-SolarPanel,out_mppt_voltage_4,4.81
57,62,Model-SolarPanel,0.59,8.30767
57,63,Model-MPPT,154.712,158.25,154.712,163.683
57,64,Model-Sun,out_temperature,40
57,64,Model-Sun,out_irridiance,821
57,64,Model-Sun,40,736
58,62,Model-SolarPanel,out_mppt_voltage_1,5.9
58,62,Model-SolarPanel,out_mppt_voltage_2,4.81
58,62,Model-SolarPanel,out_mppt_voltage_3,4.81
58,62,Model-SolarPanel,out_mppt_voltage_4,4.81
58,62,Model-SolarPanel,0.58,7.51589
58,63,Model-MPPT,160.612,163.06,160.612,168.493
58,64,Model-Sun,out_temperature,40
58,64,Model-Sun,out_irridiance,736
58,64,Model-Sun,39,598
59,62,Model-SolarPanel,out_mppt_voltage_1,4.81
59,62,Model-SolarPanel,out_mppt_voltage_2,4.81
59,62,Model-SolarPanel,out_mppt_voltage_3,5.9
59,62,Model-SolarPanel,out_mppt_voltage_4,4.81
59,62,Model-SolarPanel,0.58,6.02462
59,63,Model-MPPT,165.422,167.87,165.422,173.303
59,64,Model-Sun,out_temperature,39
59,64,Model-Sun,out_irridiance,598
59,64,Model-Sun,39,431
60,62,Model-SolarPanel,out_mppt_voltage_1,2.56
60,62,Model-SolarPanel,out_mppt_voltage_2,4.72
60,62,Model-SolarPanel,out_mppt_voltage_3,4.72
60,62,Model-SolarPanel,out_mppt_voltage_4,5.8
60,62,Model-SolarPanel,0.56,4.39328
60,63,Model-MPPT,167.982,172.59,167.982,179.103
60,64,Model-Sun,out_temperature,39
60,64,Model-Sun,out_irridiance,431
60,64,Model-Sun,38,255
61,62,Model-SolarPanel,out_mppt_voltage_1,5.8
61,62,Model-SolarPanel,out_mppt_voltage_2,3.64
61,62,Model-SolarPanel,out_mppt_voltage_3,5.8
61,62,Model-SolarPanel,out_mppt_voltage_4,4.72
61,62,Model-SolarPanel,0.54,2.59667
61,63,Model-MPPT,173.782,176.23,173.782,183.823
61,64,Model-Sun,out_temperature,38
61,64,Model-Sun,out_irridiance,255
61,64,Model-Sun,37,89
62,62,Model-SolarPanel,out_mppt_voltage_1,1.36
62,62,Model-SolarPanel,out_mppt_voltage_2,4.54
62,62,Model-SolarPanel,out_mppt_voltage_3,5.6
62,62,Model-SolarPanel,out_mppt_voltage_4,4.54
62,62,Model-SolarPanel,0.51,0.886573
62,63,Model-MPPT,175.142,180.77,175.142,188.363
62,64,Model-Sun,out_temperature,37
62,64,Model-Sun,out_irridiance,89
62,64,Model-Sun,34,6
63,62,Model-SolarPanel,out_mppt_voltage_1,5.4
63,62,Model-SolarPanel,out_mppt_voltage_2,3.32
63,62,Model-SolarPanel,out_mppt_voltage_3,3.32
63,62,Model-SolarPanel,out_mppt_voltage_4,4.36
63,62,Model-SolarPanel,0.41,0.0590431
63,63,Model-MPPT,180.542,184.09,180.542,192.723
63,64,Model-Sun,out_temperature,34
63,64,Model-Sun,out_irridiance,6
63,64,Model-Sun,32,0
64,62,Model-SolarPanel,out_mppt_voltage_1,4.09
64,62,Model-SolarPanel,out_mppt_voltage_2,3.08
64,62,Model-SolarPanel,out_mppt_voltage_3,4.09
64,62,Model-SolarPanel,out_mppt_voltage_4,2.07
64,62,Model-SolarPanel,0,0
64,63,Model-MPPT,184.632,187.17,184.632,194.793
64,64,Model-Sun,out_temperature,32
64,64,Model-Sun,out_irridiance,0
64,64,Model-Sun,31,0
65,62,Model-SolarPanel,out_mppt_voltage_1,3.19
65,62,Model-SolarPanel,out_mppt_voltage_2,3.19
65,62,Model-SolarPanel,out_mppt_voltage_3,1.37
65,62,Model-SolarPanel,out_mppt_voltage_4,4.1
65,62,Model-SolarPanel,0,0
65,63,Model-MPPT,187.822,190.36,187.822,198.893
65,64,Model-Sun,out_temperature,31
65,64,Model-Sun,out_irridiance,0
65,64,Model-Sun,31,0
66,62,Model-SolarPanel,out_mppt_voltage_1,-1
66,62,Model-SolarPanel,out_mppt_voltage_2,-0.5
66,62,Model-SolarPanel,out_mppt_voltage_3,-1
66,62,Model-SolarPanel,out_mppt_voltage_4,-0.5
66,62,Model-SolarPanel,0,0
66,63,Model-MPPT,186.822,189.86,186.822,198.393
66,64,Model-Sun,out_temperature,31
66,64,Model-Sun,out_irridiance,0
66,64,Model-Sun,31,0
67,62,Model-SolarPanel,out_mppt_voltage_1,0
67,62,Model-SolarPanel,out_mppt_voltage_2,-1
67,62,Model-SolarPanel,out_mppt_voltage_3,-0.5
67,62,Model-SolarPanel,out_mppt_voltage_4,-0.5
67,62,Model-SolarPanel,0,0
67,63,Model-MPPT,186.822,188.86,186.822,197.893
67,64,Model-Sun,out_temperature,31
67,64,Model-Sun,out_irridiance,0
67,64,Model-Sun,31,0
68,62,Model-SolarPanel,out_mppt_voltage_1,0
68,62,Model-SolarPanel,out_mppt_voltage_2,0
68,62,Model-SolarPanel,out_mppt_voltage_3,0
68,62,Model-SolarPanel,out_mppt_voltage_4,0
68,62,Model-SolarPanel,0,0
68,63,Model-MPPT,186.822,188.86,186.822,197.893
68,64,Model-Sun,out_temperature,31
68,64,Model-Sun,out_irridiance,0
68,64,Model-Sun,30,0
69,62,Model-SolarPanel,out_mppt_voltage_1,-1
69,62,Model-SolarPanel,out_mppt_voltage_2,-0.5
69,62,Model-SolarPanel,out_mppt_voltage_3,0
69,62,Model-SolarPanel,out_mppt_voltage_4,-1
69,62,Model-SolarPanel,0,0
69,63,Model-MPPT,185.822,188.36,185.822,196.893
69,64,Model-Sun,out_temperature,30
69,64,Model-Sun,out_irridiance,0
69,64,Model-Sun,28,0
70,62,Model-SolarPanel,out_mppt_voltage_1,0
70,62,Model-SolarPanel,out_mppt_voltage_2,0
70,62,Model-SolarPanel,out_mppt_voltage_3,-1
70,62,Model-SolarPanel,out_mppt_voltage_4,-1.5
70,62,Model-SolarPanel,0,0
70,63,Model-MPPT,185.822,188.36,185.822,195.393
70,64,Model-Sun,out_temperature,28
70,64,Model-Sun,out_irridiance,0
70,64,Model-Sun,28,0
71,62,Model-SolarPanel,out_mppt_voltage_1,0
71,62,Model-SolarPanel,out_mppt_voltage_2,0
71,62,Model-SolarPanel,out_mppt_voltage_3,0
71,62,Model-SolarPanel,out_mppt_voltage_4,-1
71,62,Model-SolarPanel,0,0
71,63,Model-MPPT,185.822,188.36,185.822,194.393
71,64,Model-Sun,out_temperature,28
71,64,Model-Sun,out_irridiance,0
71,64,Model-Sun,27,0
72,62,Model-SolarPanel,out_mppt_voltage_1,0
72,62,Model-SolarPanel,out_mppt_voltage_2,0
72,62,Model-SolarPanel,out_mppt_voltage_3,-0.5
72,62,Model-SolarPanel,out_mppt_voltage_4,-0.5
72,62,Model-SolarPanel,0,0
72,63,Model-MPPT,185.822,188.36,185.822,193.893
72,64,Model-Sun,out_temperature,27
72,64,Model-Sun,out_irridiance,0
72,64,Model-Sun,26,0
73,62,Model-SolarPanel,out_mppt_voltage_1,-1
73,62,Model-SolarPanel,out_mppt_voltage_2,0
73,62,Model-SolarPanel,out_mppt_voltage_3,0
73,62,Model-SolarPanel,out_mppt_voltage_4,0
73,62,Model-SolarPanel,0,0
73,63,Model-MPPT,184.822,188.36,184.822,193.893
73,64,Model-Sun,out_temperature,26
73,64,Model-Sun,out_irridiance,0
73,64,Model-Sun,26,24
74,62,Model-SolarPanel,out_mppt_voltage_1,0
74,62,Model-SolarPanel,out_mppt_voltage_2,0
74,62,Model-SolarPanel,out_mppt_voltage_3,-0.5
74,62,Model-SolarPanel,out_mppt_voltage_4,-0.5
74,62,Model-SolarPanel,0.46,0.24227
74,63,Model-MPPT,184.822,188.36,184.822,193.393
74,64,Model-Sun,out_temperature,26
74,64,Model-Sun,out_irridiance,24
74,64,Model-Sun,28,189
75,62,Model-SolarPanel,out_mppt_voltage_1,0
75,62,Model-SolarPanel,out_mppt_voltage_2,-1
75,62,Model-SolarPanel,out_mppt_voltage_3,0
75,62,Model-SolarPanel,out_mppt_voltage_4,0
75,62,Model-SolarPanel,0.54,1.9029
75,63,Model-MPPT,184.822,187.36,184.822,193.393
75,64,Model-Sun,out_temperature,28
75,64,Model-Sun,out_irridiance,189
75,64,Model-Sun,32,389
76,62,Model-SolarPanel,out_mppt_voltage_1,4.6
76,62,Model-SolarPanel,out_mppt_voltage_2,4.6
76,62,Model-SolarPanel,out_mppt_voltage_3,0.76
76,62,Model-SolarPanel,out_mppt_voltage_4,3.64
76,62,Model-SolarPanel,0.56,3.96045
76,63,Model-MPPT,189.422,191.96,189.422,197.033
76,64,Model-Sun,out_temperature,32
76,64,Model-Sun,out_irridiance,389
76,64,Model-Sun,37,586
77,62,Model-SolarPanel,out_mppt_voltage_1,5.4
77,62,Model-SolarPanel,out_mppt_voltage_2,4.36
77,62,Model-SolarPanel,out_mppt_voltage_3,5.4
77,62,Model-SolarPanel,out_mppt_voltage_4,3.32
77,62,Model-SolarPanel,0.58,5.90379
77,63,Model-MPPT,194.822,196.32,194.822,200.353
77,64,Model-Sun,out_temperature,37
77,64,Model-Sun,out_irridiance,586
77,64,Model-Sun,39,757
78,62,Model-SolarPanel,out_mppt_voltage_1,3.48
78,62,Model-SolarPanel,out_mppt_voltage_2,5.6
78,62,Model-SolarPanel,out_mppt_voltage_3,3.48
78,62,Model-SolarPanel,out_mppt_voltage_4,3.48
78,62,Model-SolarPanel,0.59,7.6194
78,63,Model-MPPT,198.302,201.92,198.302,203.833
78,64,Model-Sun,out_temperature,39
78,64,Model-Sun,out_irridiance,757
78,64,Model-Sun,40,898
79,62,Model-SolarPanel,out_mppt_voltage_1,5.8
79,62,Model-SolarPanel,out_mppt_voltage_2,4.72
79,62,Model-SolarPanel,out_mppt_voltage_3,3.64
79,62,Model-SolarPanel,out_mppt_voltage_4,2.56
79,62,Model-SolarPanel,0.59,9.14235
79,63,Model-MPPT,204.102,206.64,204.102,206.393
79,64,Model-Sun,out_temperature,40
79,64,Model-Sun,out_irridiance,898
79,64,Model-Sun,41,886
80,62,Model-SolarPanel,out_mppt_voltage_1,4.81
80,62,Model-SolarPanel,out_mppt_voltage_2,5.9
80,62,Model-SolarPanel,out_mppt_voltage_3,3.72
80,62,Model-SolarPanel,out_mppt_voltage_4,3.72
80,62,Model-SolarPanel,0.59,9.00676
80,63,Model-MPPT,208.912,212.54,208.912,210.113
80,64,Model-Sun,out_temperature,41
80,64,Model-Sun,out_irridiance,886
80,64,Model-Sun,41,744
81,62,Model-SolarPanel,out_mppt_voltage_1,5.9
81,62,Model-SolarPanel,out_mppt_voltage_2,4.81
81,62,Model-SolarPanel,out_mppt_voltage_3,4.81
81,62,Model-SolarPanel,out_mppt_voltage_4,5.9
81,62,Model-SolarPanel,0.58,7.59794
81,63,Model-MPPT,214.812,217.35,214.812,216.013
81,64,Model-Sun,out_temperature,41
81,64,Model-Sun,out_irridiance,744
81,64,Model-Sun,41,615
82,62,Model-SolarPanel,out_mppt_voltage_1,4.81
82,62,Model-SolarPanel,out_mppt_voltage_2,5.9
82,62,Model-SolarPanel,out_mppt_voltage_3,4.81
82,62,Model-SolarPanel,out_mppt_voltage_4,5.9
82,62,Model-SolarPanel,0.58,6.19958
82,63,Model-MPPT,219.622,223.25,219.622,221.913
82,64,Model-Sun,out_temperature,41
82,64,Model-Sun,out_irridiance,615
82,64,Model-Sun,40,460
83,62,Model-SolarPanel,out_mppt_voltage_1,3.64
83,62,Model-SolarPanel,out_mppt_voltage_2,5.8
83,62,Model-SolarPanel,out_mppt_voltage_3,2.56
83,62,Model-SolarPanel,out_mppt_voltage_4,5.8
83,62,Model-SolarPanel,0.57,4.62529
83,63,Model-MPPT,223.262,229.05,223.262,227.713
83,64,Model-Sun,out_temperature,40
83,64,Model-Sun,out_irridiance,460
83,64,Model-Sun,40,328
84,62,Model-SolarPanel,out_mppt_voltage_1,3.64
84,62,Model-SolarPanel,out_mppt_voltage_2,4.72
84,62,Model-SolarPanel,out_mppt_voltage_3,4.72
84,62,Model-SolarPanel,out_mppt_voltage_4,5.8
84,62,Model-SolarPanel,0.55,3.33524
84,63,Model-MPPT,226.902,233.77,226.902,233.513
84,64,Model-Sun,out_temperature,40
84,64,Model-Sun,out_irridiance,328
84,64,Model-Sun,39,163
85,62,Model-SolarPanel,out_mppt_voltage_1,2.49
85,62,Model-SolarPanel,out_mppt_voltage_2,4.63
85,62,Model-SolarPanel,out_mppt_voltage_3,4.63
85,62,Model-SolarPanel,out_mppt_voltage_4,3.56
85,62,Model-SolarPanel,0.53,1.63442
85,63,Model-MPPT,229.392,238.4,229.392,237.073
85,64,Model-Sun,out_temperature,39
85,64,Model-Sun,out_irridiance,163
85,64,Model-Sun,38,63
86,62,Model-SolarPanel,out_mppt_voltage_1,4.45
86,62,Model-SolarPanel,out_mppt_voltage_2,4.45
86,62,Model-SolarPanel,out_mppt_voltage_3,5.5
86,62,Model-SolarPanel,out_mppt_voltage_4,4.45
86,62,Model-SolarPanel,0.49,0.634617
86,63,Model-MPPT,233.842,242.85,233.842,241.523
86,64,Model-Sun,out_temperature,38
86,64,Model-Sun,out_irridiance,63
86,64,Model-Sun,34,6
87,62,Model-SolarPanel,out_mppt_voltage_1,5.3
87,62,Model-SolarPanel,out_mppt_voltage_2,3.24
87,62,Model-SolarPanel,out_mppt_voltage_3,4.27
87,62,Model-SolarPanel,out_mppt_voltage_4,4.27
87,62,Model-SolarPanel,0.41,0.0590431
87,63,Model-MPPT,239.142,246.09,239.142,245.793
87,64,Model-Sun,out_temperature,34
87,64,Model-Sun,out_irridiance,6
87,64,Model-Sun,33,0
88,62,Model-SolarPanel,out_mppt_voltage_1,4.9
88,62,Model-SolarPanel,out_mppt_voltage_2,4.9
88,62,Model-SolarPanel,out_mppt_voltage_3,4.9
88,62,Model-SolarPanel,out_mppt_voltage_4,3.91
88,62,Model-SolarPanel,0,0
88,63,Model-MPPT,244.042,250.99,244.042,249.703
88,64,Model-Sun,out_temperature,33
88,64,Model-Sun,out_irridiance,0
88,64,Model-Sun,31,0
89,62,Model-SolarPanel,out_mppt_voltage_1,4.1
89,62,Model-SolarPanel,out_mppt_voltage_2,3.19
89,62,Model-SolarPanel,out_mppt_voltage_3,4.1
89,62,Model-SolarPanel,out_mppt_voltage_4,4.1
89,62,Model-SolarPanel,0,0
89,63,Model-MPPT,248.142,254.18,248.142,253.803
89,64,Model-Sun,out_temperature,31
89,64,Model-Sun,out_irridiance,0
89,64,Model-Sun,30,0
90,62,Model-SolarPanel,out_mppt_voltage_1,-0.5
90,62,Model-SolarPanel,out_mppt_voltage_2,-1
90,62,Model-SolarPanel,out_mppt_voltage_3,-0.5
90,62,Model-SolarPanel,out_mppt_voltage_4,0
90,62,Model-SolarPanel,0,0
90,63,Model-MPPT,247.642,253.18,247.642,253.803
90,64,Model-Sun,out_temperature,30
90,64,Model-Sun,out_irridiance,0
90,64,Model-Sun,30,0
91,62,Model-SolarPanel,out_mppt_voltage_1,-0.5
91,62,Model-SolarPanel,out_mppt_voltage_2,-0.5
91,62,Model-SolarPanel,out_mppt_voltage_3,0
91,62,Model-SolarPanel,out_mppt_voltage_4,-0.5
91,62,Model-SolarPanel,0,0
91,63,Model-MPPT,247.142,252.68,247.142,253.303
91,64,Model-Sun,out_temperature,30
91,64,Model-Sun,out_irridiance,0
91,64,Model-Sun,29,0
92,62,Model-SolarPanel,out_mppt_voltage_1,-1
92,62,Model-SolarPanel,out_mppt_voltage_2,-0.5
92,62,Model-SolarPanel,out_mppt_voltage_3,-0.5
92,62,Model-SolarPanel,out_mppt_voltage_4,-2
92,62,Model-SolarPanel,0,0
92,63,Model-MPPT,246.142,252.18,246.142,251.303
92,64,Model-Sun,out_temperature,29
92,64,Model-Sun,out_irridiance,0
92,64,Model-Sun,28,0
93,62,Model-SolarPanel,out_mppt_voltage_1,0
93,62,Model-SolarPanel,out_mppt_voltage_2,-0.5
93,62,Model-SolarPanel,out_mppt_voltage_3,-0.5
93,62,Model-SolarPanel,out_mppt_voltage_4,0
93,62,Model-SolarPanel,0,0
93,63,Model-MPPT,246.142,251.68,246.142,251.303
93,64,Model-Sun,out_temperature,28
93,64,Model-Sun,out_irridiance,0
93,64,Model-Sun,28,0
94,62,Model-SolarPanel,out_mppt_voltage_1,-1
94,62,Model-SolarPanel,out_mppt_voltage_2,-2
94,62,Model-SolarPanel,out_mppt_voltage_3,-0.5
94,62,Model-SolarPanel,out_mppt_voltage_4,-0.5
94,62,Model-SolarPanel,0,0
94,63,Model-MPPT,245.142,249.68,245.142,250.803
94,64,Model-Sun,out_temperature,28
94,64,Model-Sun,out_irridiance,0
94,64,Model-Sun,27,0
95,62,Model-SolarPanel,out_mppt_voltage_1,-0.5
95,62,Model-SolarPanel,out_mppt_voltage_2,-2
95,62,Model-SolarPanel,out_mppt_voltage_3,-1
95,62,Model-SolarPanel,out_mppt_voltage_4,-0.5
95,62,Model-SolarPanel,0,0
95,63,Model-MPPT,244.642,247.68,244.642,250.303
95,64,Model-Sun,out_temperature,27
95,64,Model-Sun,out_irridiance,0
95,64,Model-Sun,26,0
96,62,Model-SolarPanel,out_mppt_voltage_1,0
96,62,Model-SolarPanel,out_mppt_voltage_2,0
96,62,Model-SolarPanel,out_mppt_voltage_3,-0.5
96,62,Model-SolarPanel,out_mppt_voltage_4,-0.5
96,62,Model-SolarPanel,0,0
96,63,Model-MPPT,244.642,247.68,244.642,249.803
96,64,Model-Sun,out_temperature,26
96,64,Model-Sun,out_irridiance,0
96,64,Model-Sun,25,0
97,62,Model-SolarPanel,out_mppt_voltage_1,-0.5
97,62,Model-SolarPanel,out_mppt_voltage_2,0
97,62,Model-SolarPanel,out_mppt_voltage_3,0
97,62,Model-SolarPanel,out_mppt_voltage_4,-0.5
97,62,Model-SolarPanel,0,0
97,63,Model-MPPT,244.142,247.68,244.142,249.303
97,64,Model-Sun,out_temperature,25
97,64,Model-Sun,out_irridiance,0
97,64,Model-Sun,25,30
98,62,Model-SolarPanel,out_mppt_voltage_1,0
98,62,Model-SolarPanel,out_mppt_voltage_2,-1
98,62,Model-SolarPanel,out_mppt_voltage_3,-0.5
98,62,Model-SolarPanel,out_mppt_voltage_4,-1
98,62,Model-SolarPanel,0.47,0.302501
98,63,Model-MPPT,244.142,246.68,244.142,248.303
98,64,Model-Sun,out_temperature,25
98,64,Model-Sun,out_irridiance,30
98,64,Model-Sun,28,182
99,62,Model-SolarPanel,out_mppt_voltage_1,0
99,62,Model-SolarPanel,out_mppt_voltage_2,-0.5
99,62,Model-SolarPanel,out_mppt_voltage_3,-0.5
99,62,Model-SolarPanel,out_mppt_voltage_4,-0.5
99,62,Model-SolarPanel,0.54,1.82702
99,63,Model-MPPT,244.142,246.18,244.142,247.803
99,64,Model-Sun,out_temperature,28
99,64,Model-Sun,out_irridiance,182
99,64,Model-Sun,31,373
100,62,Model-SolarPanel,out_mppt_voltage_1,4.7
100,62,Model-SolarPanel,out_mppt_voltage_2,4.7
100,62,Model-SolarPanel,out_mppt_voltage_3,2.76
100,62,Model-SolarPanel,out_mppt_voltage_4,4.7
100,62,Model-SolarPanel,0.56,3.79015
100,63,Model-MPPT,248.842,250.88,248.842,252.503
100,64,Model-Sun,out_temperature,31
100,64,Model-Sun,out_irridiance,373
100,64,Model-Sun,35,521
101,62,Model-SolarPanel,out_mppt_voltage_1,2.28
101,62,Model-SolarPanel,out_mppt_voltage_2,4.36
101,62,Model-SolarPanel,out_mppt_voltage_3,3.32
101,62,Model-SolarPanel,out_mppt_voltage_4,4.36
101,62,Model-SolarPanel,0.57,5.30592
101,63,Model-MPPT,251.122,255.24,251.122,256.863
101,64,Model-Sun,out_temperature,35
101,64,Model-Sun,out_irridiance,521
101,64,Model-Sun,37,706
102,62,Model-SolarPanel,out_mppt_voltage_1,4.54
102,62,Model-SolarPanel,out_mppt_voltage_2,3.48
102,62,Model-SolarPanel,out_mppt_voltage_3,4.54
102,62,Model-SolarPanel,out_mppt_voltage_4,5.6
102,62,Model-SolarPanel,0.58,7.20459
102,63,Model-MPPT,255.662,258.72,255.662,262.463
102,64,Model-Sun,out_temperature,37
102,64,Model-Sun,out_irridiance,706
102,64,Model-Sun,38,843
103,62,Model-SolarPanel,out_mppt_voltage_1,4.63
103,62,Model-SolarPanel,out_mppt_voltage_2,4.63
103,62,Model-SolarPanel,out_mppt_voltage_3,3.56
103,62,Model-SolarPanel,out_mppt_voltage_4,4.63
103,62,Model-SolarPanel,0.59,8.55711
103,63,Model-MPPT,260.292,263.35,260.292,267.093
103,64,Model-Sun,out_temperature,38
103,64,Model-Sun,out_irridiance,843
103,64,Model-Sun,39,851
104,62,Model-SolarPanel,out_mppt_voltage_1,4.72
104,62,Model-SolarPanel,out_mppt_voltage_2,5.8
104,62,Model-SolarPanel,out_mppt_voltage_3,2.56
104,62,Model-SolarPanel,out_mppt_voltage_4,4.72
104,62,Model-SolarPanel,0.59,8.63836
104,63,Model-MPPT,265.012,269.15,265.012,271.813
104,64,Model-Sun,out_temperature,39
104,64,Model-Sun,out_irridiance,851
104,64,Model-Sun,40,885
105,62,Model-SolarPanel,out_mppt_voltage_1,3.72
105,62,Model-SolarPanel,out_mppt_voltage_2,3.72
105,62,Model-SolarPanel,out_mppt_voltage_3,3.72
105,62,Model-SolarPanel,out_mppt_voltage_4,4.81
105,62,Model-SolarPanel,0.59,9.00143
105,63,Model-MPPT,268.732,272.87,268.732,276.623
105,64,Model-Sun,out_temperature,40
105,64,Model-Sun,out_irridiance,885
105,64,Model-Sun,41,765
106,62,Model-SolarPanel,out_mppt_voltage_1,5.9
106,62,Model-SolarPanel,out_mppt_voltage_2,4.81
106,62,Model-SolarPanel,out_mppt_voltage_3,4.81
106,62,Model-SolarPanel,out_mppt_voltage_4,5.9
106,62,Model-SolarPanel,0.59,7.69512
106,63,Model-MPPT,274.632,277.68,274.632,282.523
106,64,Model-Sun,out_temperature,41
106,64,Model-Sun,out_irridiance,765
106,64,Model-Sun,40,595
107,62,Model-SolarPanel,out_mppt_voltage_1,5.9
107,62,Model-SolarPanel,out_mppt_voltage_2,4.81
107,62,Model-SolarPanel,out_mppt_voltage_3,4.81
107,62,Model-SolarPanel,out_mppt_voltage_4,4.81
107,62,Model-SolarPanel,0.58,5.98745
107,63,Model-MPPT,280.532,282.49,280.532,287.333
107,64,Model-Sun,out_temperature,40
107,64,Model-Sun,out_irridiance,595
107,64,Model-Sun,40,407
108,62,Model-SolarPanel,out_mppt_voltage_1,4.81
108,62,Model-SolarPanel,out_mppt_voltage_2,5.9
108,62,Model-SolarPanel,out_mppt_voltage_3,3.72
108,62,Model-SolarPanel,out_mppt_voltage_4,3.72
108,62,Model-SolarPanel,0.56,4.12984
108,63,Model-MPPT,285.342,288.39,285.342,291.053
108,64,Model-Sun,out_temperature,40
108,64,Model-Sun,out_irridiance,407
108,64,Model-Sun,39,238
109,62,Model-SolarPanel,out_mppt_voltage_1,4.72
109,62,Model-SolarPanel,out_mppt_voltage_2,4.72
109,62,Model-SolarPanel,out_mppt_voltage_3,4.72
109,62,Model-SolarPanel,out_mppt_voltage_4,2.56
109,62,Model-SolarPanel,0.54,2.41014
109,63,Model-MPPT,290.062,293.11,290.062,293.613
109,64,Model-Sun,out_temperature,39
109,64,Model-Sun,out_irridiance,238
109,64,Model-Sun,37,96
110,62,Model-SolarPanel,out_mppt_voltage_1,5.6
110,62,Model-SolarPanel,out_mppt_voltage_2,5.6
110,62,Model-SolarPanel,out_mppt_voltage_3,2.42
110,62,Model-SolarPanel,out_mppt_voltage_4,5.6
110,62,Model-SolarPanel,0.51,0.962453
110,63,Model-MPPT,295.662,298.71,295.662,299.213
110,64,Model-Sun,out_temperature,37
110,64,Model-Sun,out_irridiance,96
110,64,Model-Sun,34,7
111,62,Model-SolarPanel,out_mppt_voltage_1,5.4
111,62,Model-SolarPanel,out_mppt_voltage_2,4.36
111,62,Model-SolarPanel,out_mppt_voltage_3,3.32
111,62,Model-SolarPanel,out_mppt_voltage_4,1.24
111,62,Model-SolarPanel,0.41,0.0698831
111,63,Model-MPPT,301.062,303.07,301.062,300.453
111,64,Model-Sun,out_temperature,34
111,64,Model-Sun,out_irridiance,7
111,64,Model-Sun,32,0
112,62,Model-SolarPanel,out_mppt_voltage_1,3.08
112,62,Model-SolarPanel,out_mppt_voltage_2,4.09
112,62,Model-SolarPanel,out_mppt_voltage_3,5.1
112,62,Model-SolarPanel,out_mppt_voltage_4,3.08
112,62,Model-SolarPanel,0,0
112,63,Model-MPPT,304.142,307.16,304.142,303.533
112,64,Model-Sun,out_temperature,32
112,64,Model-Sun,out_irridiance,0
112,64,Model-Sun,31,0
113,62,Model-SolarPanel,out_mppt_voltage_1,4.1
113,62,Model-SolarPanel,out_mppt_voltage_2,3.19
113,62,Model-SolarPanel,out_mppt_voltage_3,3.19
113,62,Model-SolarPanel,out_mppt_voltage_4,4.1
113,62,Model-SolarPanel,0,0
113,63,Model-MPPT,308.242,310.35,308.242,307.633
113,64,Model-Sun,out_temperature,31
113,64,Model-Sun,out_irridiance,0
113,64,Model-Sun,30,0
114,62,Model-SolarPanel,out_mppt_voltage_1,-0.5
114,62,Model-SolarPanel,out_mppt_voltage_2,0
114,62,Model-SolarPanel,out_mppt_voltage_3,0
114,62,Model-SolarPanel,out_mppt_voltage_4,-0.5
114,62,Model-SolarPanel,0,0
114,63,Model-MPPT,307.742,310.35,307.742,307.133
114,64,Model-Sun,out_temperature,30
114,64,Model-Sun,out_irridiance,0
114,64,Model-Sun,30,0
115,62,Model-SolarPanel,out_mppt_voltage_1,0
115,62,Model-SolarPanel,out_mppt_voltage_2,-1
115,62,Model-SolarPanel,out_mppt_voltage_3,0
115,62,Model-SolarPanel,out_mppt_voltage_4,0
115,62,Model-SolarPanel,0,0
115,63,Model-MPPT,307.742,309.35,307.742,307.133
115,64,Model-Sun,out_temperature,30
115,64,Model-Sun,out_irridiance,0
115,64,Model-Sun,29,0
116,62,Model-SolarPanel,out_mppt_voltage_1,-0.5
116,62,Model-SolarPanel,out_mppt_voltage_2,0
116,62,Model-SolarPanel,out_mppt_voltage_3,0
116,62,Model-SolarPanel,out_mppt_voltage_4,-0.5
116,62,Model-SolarPanel,0,0
116,63,Model-MPPT,307.242,309.35,307.242,306.633
116,64,Model-Sun,out_temperature,29
116,64,Model-Sun,out_irridiance,0
116,64,Model-Sun,28,0
117,62,Model-SolarPanel,out_mppt_voltage_1,-0.5
117,62,Model-SolarPanel,out_mppt_voltage_2,-0.5
117,62,Model-SolarPanel,out_mppt_voltage_3,0
117,62,Model-SolarPanel,out_mppt_voltage_4,-0.5
117,62,Model-SolarPanel,0,0
117,63,Model-MPPT,306.742,308.85,306.742,306.133
117,64,Model-Sun,out_temperature,28
117,64,Model-Sun,out_irridiance,0
117,64,Model-Sun,27,0
118,62,Model-SolarPanel,out_mppt_voltage_1,-0.5
118,62,Model-SolarPanel,out_mppt_voltage_2,-0.5
118,62,Model-SolarPanel,out_mppt_voltage_3,-1
118,62,Model-SolarPanel,out_mppt_voltage_4,0
118,62,Model-SolarPanel,0,0
118,63,Model-MPPT,306.242,308.35,306.242,306.133
118,64,Model-Sun,out_temperature,27
118,64,Model-Sun,out_irridiance,0
118,64,Model-Sun,26,0
119,62,Model-SolarPanel,out_mppt_voltage_1,0
119,62,Model-SolarPanel,out_mppt_voltage_2,-1
119,62,Model-SolarPanel,out_mppt_voltage_3,-1.5
119,62,Model-SolarPanel,out_mppt_voltage_4,-1
119,62,Model-SolarPanel,0,0
119,63,Model-MPPT,306.242,307.35,306.242,305.133
119,64,Model-Sun,out_temperature,26
119,64,Model-Sun,out_irridiance,0
119,64,Model-Sun,25,0
120,62,Model-SolarPanel,out_mppt_voltage_1,0
120,62,Model-SolarPanel,out_mppt_voltage_2,-0.5
120,62,Model-SolarPanel,out_mppt_voltage_3,-1
120,62,Model-SolarPanel,out_mppt_voltage_4,0
120,62,Model-SolarPanel,0,0
120,63,Model-MPPT,306.242,306.85,306.242,305.133
120,64,Model-Sun,out_temperature,25
120,64,Model-Sun,out_irridiance,0
120,64,Model-Sun,24,0
121,62,Model-SolarPanel,out_mppt_voltage_1,0
121,62,Model-SolarPanel,out_mppt_voltage_2,-0.5
121,62,Model-SolarPanel,out_mppt_voltage_3,-1
121,62,Model-SolarPanel,out_mppt_voltage_4,-1
121,62,Model-SolarPanel,0,0
121,63,Model-MPPT,306.242,306.35,306.242,304.133
121,64,Model-Sun,out_temperature,24
121,64,Model-Sun,out_irridiance,0
121,64,Model-Sun,24,29
122,62,Model-SolarPanel,out_mppt_voltage_1,-1
122,62,Model-SolarPanel,out_mppt_voltage_2,-1.5
122,62,Model-SolarPanel,out_mppt_voltage_3,0
122,62,Model-SolarPanel,out_mppt_voltage_4,0
122,62,Model-SolarPanel,0.47,0.292127
122,63,Model-MPPT,305.242,304.85,305.242,304.133
122,64,Model-Sun,out_temperature,24
122,64,Model-Sun,out_irridiance,29
122,64,Model-Sun,26,157
123,62,Model-SolarPanel,out_mppt_voltage_1,-0.5
123,62,Model-SolarPanel,out_mppt_voltage_2,0
123,62,Model-SolarPanel,out_mppt_voltage_3,-0.5
123,62,Model-SolarPanel,out_mppt_voltage_4,-1
123,62,Model-SolarPanel,0.53,1.59246
123,63,Model-MPPT,304.742,304.85,304.742,303.133
123,64,Model-Sun,out_temperature,26
123,64,Model-Sun,out_irridiance,157
123,64,Model-Sun,29,342
124,62,Model-SolarPanel,out_mppt_voltage_1,3.73
124,62,Model-SolarPanel,out_mppt_voltage_2,3.73
124,62,Model-SolarPanel,out_mppt_voltage_3,2.76
124,62,Model-SolarPanel,out_mppt_voltage_4,4.7
124,62,Model-SolarPanel,0.56,3.46033
124,63,Model-MPPT,308.472,308.58,308.472,307.833
124,64,Model-Sun,out_temperature,29
124,64,Model-Sun,out_irridiance,342
124,64,Model-Sun,34,515
125,62,Model-SolarPanel,out_mppt_voltage_1,4.27
125,62,Model-SolarPanel,out_mppt_voltage_2,3.24
125,62,Model-SolarPanel,out_mppt_voltage_3,5.3
125,62,Model-SolarPanel,out_mppt_voltage_4,4.27
125,62,Model-SolarPanel,0.57,5.24471
125,63,Model-MPPT,312.742,311.82,312.742,312.103
125,64,Model-Sun,out_temperature,34
125,64,Model-Sun,out_irridiance,515
125,64,Model-Sun,37,662
126,62,Model-SolarPanel,out_mppt_voltage_1,4.54
126,62,Model-SolarPanel,out_mppt_voltage_2,3.48
126,62,Model-SolarPanel,out_mppt_voltage_3,4.54
126,62,Model-SolarPanel,out_mppt_voltage_4,5.6
126,62,Model-SolarPanel,0.58,6.72763
126,63,Model-MPPT,317.282,315.3,317.282,317.703
126,64,Model-Sun,out_temperature,37
126,64,Model-Sun,out_irridiance,662
126,64,Model-Sun,38,831
127,62,Model-SolarPanel,out_mppt_voltage_1,5.7
127,62,Model-SolarPanel,out_mppt_voltage_2,4.63
127,62,Model-SolarPanel,out_mppt_voltage_3,4.63
127,62,Model-SolarPanel,out_mppt_voltage_4,4.63
127,62,Model-SolarPanel,0.59,8.42703
127,63,Model-MPPT,322.982,319.93,322.982,322.333
127,64,Model-Sun,out_temperature,38
127,64,Model-Sun,out_irridiance,831
127,64,Model-Sun,40,858
128,62,Model-SolarPanel,out_mppt_voltage_1,4.72
128,62,Model-SolarPanel,out_mppt_voltage_2,5.8
128,62,Model-SolarPanel,out_mppt_voltage_3,3.64
128,62,Model-SolarPanel,out_mppt_voltage_4,3.64
128,62,Model-SolarPanel,0.59,8.70875
128,63,Model-MPPT,327.702,325.73,327.702,325.973
128,64,Model-Sun,out_temperature,40
128,64,Model-Sun,out_irridiance,858
128,64,Model-Sun,40,836
129,62,Model-SolarPanel,out_mppt_voltage_1,5.9
129,62,Model-SolarPanel,out_mppt_voltage_2,3.72
129,62,Model-SolarPanel,out_mppt_voltage_3,2.63
129,62,Model-SolarPanel,out_mppt_voltage_4,5.9
129,62,Model-SolarPanel,0.59,8.47027
129,63,Model-MPPT,333.602,329.45,333.602,331.873
129,64,Model-Sun,out_temperature,40
129,64,Model-Sun,out_irridiance,836
129,64,Model-Sun,41,651
130,62,Model-SolarPanel,out_mppt_voltage_1,4.81
130,62,Model-SolarPanel,out_mppt_voltage_2,5.9
130,62,Model-SolarPanel,out_mppt_voltage_3,3.72
130,62,Model-SolarPanel,out_mppt_voltage_4,5.9
130,62,Model-SolarPanel,0.58,6.58982
130,63,Model-MPPT,338.412,335.35,338.412,337.773
130,64,Model-Sun,out_temperature,41
130,64,Model-Sun,out_irridiance,651
130,64,Model-Sun,41,169
131,62,Model-SolarPanel,out_mppt_voltage_1,5.9
131,62,Model-SolarPanel,out_mppt_voltage_2,5.9
131,62,Model-SolarPanel,out_mppt_voltage_3,4.81
131,62,Model-SolarPanel,out_mppt_voltage_4,3.72
131,62,Model-SolarPanel,0.53,1.69569
131,63,Model-MPPT,344.312,341.25,344.312,341.493
131,64,Model-Sun,out_temperature,41
131,64,Model-Sun,out_irridiance,169
131,64,Model-Sun,40,37
132,62,Model-SolarPanel,out_mppt_voltage_1,5.8
132,62,Model-SolarPanel,out_mppt_voltage_2,5.8
132,62,Model-SolarPanel,out_mppt_voltage_3,4.72
132,62,Model-SolarPanel,out_mppt_voltage_4,4.72
132,62,Model-SolarPanel,0.47,0.370578
132,63,Model-MPPT,350.112,347.05,350.112,346.213
132,64,Model-Sun,out_temperature,40
132,64,Model-Sun,out_irridiance,37
132,64,Model-Sun,38,27
133,62,Model-SolarPanel,out_mppt_voltage_1,5.3
133,62,Model-SolarPanel,out_mppt_voltage_2,5.3
133,62,Model-SolarPanel,out_mppt_voltage_3,4.27
133,62,Model-SolarPanel,out_mppt_voltage_4,4.27
133,62,Model-SolarPanel,0.46,0.269776
133,63,Model-MPPT,355.412,352.35,355.412,350.483
133,64,Model-Sun,out_temperature,38
133,64,Model-Sun,out_irridiance,27
133,64,Model-Sun,37,11
134,62,Model-SolarPanel,out_mppt_voltage_1,1.79
134,62,Model-SolarPanel,out_mppt_voltage_2,2.76
134,62,Model-SolarPanel,out_mppt_voltage_3,3.73
134,62,Model-SolarPanel,out_mppt_voltage_4,3.73
134,62,Model-SolarPanel,0.43,0.108619
134,63,Model-MPPT,357.202,355.11,357.202,354.213
134,64,Model-Sun,out_temperature,37
134,64,Model-Sun,out_irridiance,11
134,64,Model-Sun,35,4
135,62,Model-SolarPanel,out_mppt_voltage_1,0.76
135,62,Model-SolarPanel,out_mppt_voltage_2,2.68
135,62,Model-SolarPanel,out_mppt_voltage_3,3.64
135,62,Model-SolarPanel,out_mppt_voltage_4,3.64
135,62,Model-SolarPanel,0.39,0.0396417
135,63,Model-MPPT,357.962,357.79,357.962,357.853
135,64,Model-Sun,out_temperature,35
135,64,Model-Sun,out_irridiance,4
135,64,Model-Sun,33,0
136,62,Model-SolarPanel,out_mppt_voltage_1,4.3
136,62,Model-SolarPanel,out_mppt_voltage_2,4.3
136,62,Model-SolarPanel,out_mppt_voltage_3,3.37
136,62,Model-SolarPanel,out_mppt_voltage_4,2.44
136,62,Model-SolarPanel,0,0
136,63,Model-MPPT,362.262,362.09,362.262,360.293
136,64,Model-Sun,out_temperature,33
136,64,Model-Sun,out_irridiance,0
136,64,Model-Sun,31,0
137,62,Model-SolarPanel,out_mppt_voltage_1,3.01
137,62,Model-SolarPanel,out_mppt_voltage_2,3.9
137,62,Model-SolarPanel,out_mppt_voltage_3,3.01
137,62,Model-SolarPanel,out_mppt_voltage_4,3.9
137,62,Model-SolarPanel,0,0
137,63,Model-MPPT,365.272,365.99,365.272,364.193
137,64,Model-Sun,out_temperature,31
137,64,Model-Sun,out_irridiance,0
137,64,Model-Sun,29,0
138,62,Model-SolarPanel,out_mppt_voltage_1,0
138,62,Model-SolarPanel,out_mppt_voltage_2,-1.5
138,62,Model-SolarPanel,out_mppt_voltage_3,-0.5
138,62,Model-SolarPanel,out_mppt_voltage_4,0
138,62,Model-SolarPanel,0,0
138,63,Model-MPPT,365.272,364.49,365.272,364.193
138,64,Model-Sun,out_temperature,29
138,64,Model-Sun,out_irridiance,0
138,64,Model-Sun,28,0
139,62,Model-SolarPanel,out_mppt_voltage_1,-1
139,62,Model-SolarPanel,out_mppt_voltage_2,-0.5
139,62,Model-SolarPanel,out_mppt_voltage_3,0
139,62,Model-SolarPanel,out_mppt_voltage_4,-0.5
139,62,Model-SolarPanel,0,0
139,63,Model-MPPT,364.272,363.99,364.272,363.693
139,64,Model-Sun,out_temperature,28
139,64,Model-Sun,out_irridiance,0
139,64,Model-Sun,27,0
140,62,Model-SolarPanel,out_mppt_voltage_1,0
140,62,Model-SolarPanel,out_mppt_voltage_2,-1
140,62,Model-SolarPanel,out_mppt_voltage_3,-1
140,62,Model-SolarPanel,out_mppt_voltage_4,-0.5
140,62,Model-SolarPanel,0,0
140,63,Model-MPPT,364.272,362.99,364.272,363.193
140,64,Model-Sun,out_temperature,27
140,64,Model-Sun,out_irridiance,0
140,64,Model-Sun,27,0
141,62,Model-SolarPanel,out_mppt_voltage_1,-1
141,62,Model-SolarPanel,out_mppt_voltage_2,-0.5
141,62,Model-SolarPanel,out_mppt_voltage_3,0
141,62,Model-SolarPanel,out_mppt_voltage_4,-0.5
141,62,Model-SolarPanel,0,0
141,63,Model-MPPT,363.272,362.49,363.272,362.693
141,64,Model-Sun,out_temperature,27
141,64,Model-Sun,out_irridiance,0
141,64,Model-Sun,26,0
142,62,Model-SolarPanel,out_mppt_voltage_1,0
142,62,Model-SolarPanel,out_mppt_voltage_2,-0.5
142,62,Model-SolarPanel,out_mppt_voltage_3,-0.5
142,62,Model-SolarPanel,out_mppt_voltage_4,-0.5
142,62,Model-SolarPanel,0,0
142,63,Model-MPPT,363.272,361.99,363.272,362.193
142,64,Model-Sun,out_temperature,26
142,64,Model-Sun,out_irridiance,0
142,64,Model-Sun,26,0
143,62,Model-SolarPanel,out_mppt_voltage_1,-0.5
143,62,Model-SolarPanel,out_mppt_voltage_2,-1.5
143,62,Model-SolarPanel,out_mppt_voltage_3,-1
143,62,Model-SolarPanel,out_mppt_voltage_4,0
143,62,Model-SolarPanel,0,0
143,63,Model-MPPT,362.772,360.49,362.772,362.193
143,64,Model-Sun,out_temperature,26
143,64,Model-Sun,out_irridiance,0
143,64,Model-Sun,26,0
144,62,Model-SolarPanel,out_mppt_voltage_1,-0.5
144,62,Model-SolarPanel,out_mppt_voltage_2,0
144,62,Model-SolarPanel,out_mppt_voltage_3,-0.5
144,62,Model-SolarPanel,out_mppt_voltage_4,0
144,62,Model-SolarPanel,0,0
144,63,Model-MPPT,362.272,360.49,362.272,362.193
144,64,Model-Sun,out_temperature,26
144,64,Model-Sun,out_irridiance,0
144,64,Model-Sun,25,0
145,62,Model-SolarPanel,out_mppt_voltage_1,0
145,62,Model-SolarPanel,out_mppt_voltage_2,-0.5
145,62,Model-SolarPanel,out_mppt_voltage_3,0
145,62,Model-SolarPanel,out_mppt_voltage_4,-0.5
145,62,Model-SolarPanel,0,0
145,63,Model-MPPT,362.272,359.99,362.272,361.693
145,64,Model-Sun,out_temperature,25
145,64,Model-Sun,out_irridiance,0
145,64,Model-Sun,25,29
146,62,Model-SolarPanel,out_mppt_voltage_1,0
146,62,Model-SolarPanel,out_mppt_voltage_2,0
146,62,Model-SolarPanel,out_mppt_voltage_3,-0.5
146,62,Model-SolarPanel,out_mppt_voltage_4,0
146,62,Model-SolarPanel,0.47,0.291661
146,63,Model-MPPT,362.272,359.99,362.272,361.693
146,64,Model-Sun,out_temperature,25
146,64,Model-Sun,out_irridiance,29
146,64,Model-Sun,27,158
147,62,Model-SolarPanel,out_mppt_voltage_1,-0.5
147,62,Model-SolarPanel,out_mppt_voltage_2,-0.5
147,62,Model-SolarPanel,out_mppt_voltage_3,0
147,62,Model-SolarPanel,out_mppt_voltage_4,-1
147,62,Model-SolarPanel,0.53,1.60161
147,63,Model-MPPT,361.772,359.49,361.772,360.693
147,64,Model-Sun,out_temperature,27
147,64,Model-Sun,out_irridiance,158
147,64,Model-Sun,30,317
148,62,Model-SolarPanel,out_mppt_voltage_1,4.7
148,62,Model-SolarPanel,out_mppt_voltage_2,3.73
148,62,Model-SolarPanel,out_mppt_voltage_3,4.7
148,62,Model-SolarPanel,out_mppt_voltage_4,3.73
148,62,Model-SolarPanel,0.56,3.18623
148,63,Model-MPPT,366.472,363.22,366.472,364.423
148,64,Model-Sun,out_temperature,30
148,64,Model-Sun,out_irridiance,317
148,64,Model-Sun,33,493
149,62,Model-SolarPanel,out_mppt_voltage_1,5.3
149,62,Model-SolarPanel,out_mppt_voltage_2,4.27
149,62,Model-SolarPanel,out_mppt_voltage_3,5.3
149,62,Model-SolarPanel,out_mppt_voltage_4,4.27
149,62,Model-SolarPanel,0.57,5.01003
149,63,Model-MPPT,371.772,367.49,371.772,368.693
149,64,Model-Sun,out_temperature,33
149,64,Model-Sun,out_irridiance,493
149,64,Model-Sun,34,682
150,62,Model-SolarPanel,out_mppt_voltage_1,4.54
150,62,Model-SolarPanel,out_mppt_voltage_2,4.54
150,62,Model-SolarPanel,out_mppt_voltage_3,3.48
150,62,Model-SolarPanel,out_mppt_voltage_4,4.54
150,62,Model-SolarPanel,0.58,6.95816
150,63,Model-MPPT,376.312,372.03,376.312,373.233
150,64,Model-Sun,out_temperature,34
150,64,Model-Sun,out_irridiance,682
150,64,Model-Sun,36,793
151,62,Model-SolarPanel,out_mppt_voltage_1,4.63
151,62,Model-SolarPanel,out_mppt_voltage_2,4.63
151,62,Model-SolarPanel,out_mppt_voltage_3,3.56
151,62,Model-SolarPanel,out_mppt_voltage_4,5.7
151,62,Model-SolarPanel,0.59,8.026
151,63,Model-MPPT,380.942,376.66,380.942,378.933
151,64,Model-Sun,out_temperature,36
151,64,Model-Sun,out_irridiance,793
151,64,Model-Sun,37,869
152,62,Model-SolarPanel,out_mppt_voltage_1,5.8
152,62,Model-SolarPanel,out_mppt_voltage_2,3.64
152,62,Model-SolarPanel,out_mppt_voltage_3,5.8
152,62,Model-SolarPanel,out_mppt_voltage_4,4.72
152,62,Model-SolarPanel,0.59,8.8444
152,63,Model-MPPT,386.742,380.3,386.742,383.653
152,64,Model-Sun,out_temperature,37
152,64,Model-Sun,out_irridiance,869
152,64,Model-Sun,37,837
153,62,Model-SolarPanel,out_mppt_voltage_1,4.81
153,62,Model-SolarPanel,out_mppt_voltage_2,4.81
153,62,Model-SolarPanel,out_mppt_voltage_3,4.81
153,62,Model-SolarPanel,out_mppt_voltage_4,5.9
153,62,Model-SolarPanel,0.59,8.49752
153,63,Model-MPPT,391.552,385.11,391.552,389.553
153,64,Model-Sun,out_temperature,37
153,64,Model-Sun,out_irridiance,837
153,64,Model-Sun,37,756
154,62,Model-SolarPanel,out_mppt_voltage_1,2.63
154,62,Model-SolarPanel,out_mppt_voltage_2,3.72
154,62,Model-SolarPanel,out_mppt_voltage_3,5.9
154,62,Model-SolarPanel,out_mppt_voltage_4,4.81
154,62,Model-SolarPanel,0.59,7.61948
154,63,Model-MPPT,394.182,388.83,394.182,394.363
154,64,Model-Sun,out_temperature,37
154,64,Model-Sun,out_irridiance,756
154,64,Model-Sun,37,630
155,62,Model-SolarPanel,out_mppt_voltage_1,5.9
155,62,Model-SolarPanel,out_mppt_voltage_2,4.81
155,62,Model-SolarPanel,out_mppt_voltage_3,4.81
155,62,Model-SolarPanel,out_mppt_voltage_4,5.9
155,62,Model-SolarPanel,0.58,6.38075
155,63,Model-MPPT,400.082,393.64,400.082,400.263
155,64,Model-Sun,out_temperature,37
155,64,Model-Sun,out_irridiance,630
155,64,Model-Sun,37,498
156,62,Model-SolarPanel,out_mppt_voltage_1,5.9
156,62,Model-SolarPanel,out_mppt_voltage_2,5.9
156,62,Model-SolarPanel,out_mppt_voltage_3,4.81
156,62,Model-SolarPanel,out_mppt_voltage_4,4.81
156,62,Model-SolarPanel,0.57,5.0489
156,63,Model-MPPT,405.982,399.54,405.982,405.073
156,64,Model-Sun,out_temperature,37
156,64,Model-Sun,out_irridiance,498
156,64,Model-Sun,36,293
157,62,Model-SolarPanel,out_mppt_voltage_1,4.72
157,62,Model-SolarPanel,out_mppt_voltage_2,4.72
157,62,Model-SolarPanel,out_mppt_voltage_3,3.64
157,62,Model-SolarPanel,out_mppt_voltage_4,3.64
157,62,Model-SolarPanel,0.55,2.96667
157,63,Model-MPPT,410.702,404.26,410.702,408.713
157,64,Model-Sun,out_temperature,36
157,64,Model-Sun,out_irridiance,293
157,64,Model-Sun,35,104
158,62,Model-SolarPanel,out_mppt_voltage_1,4.63
158,62,Model-SolarPanel,out_mppt_voltage_2,5.7
158,62,Model-SolarPanel,out_mppt_voltage_3,4.63
158,62,Model-SolarPanel,out_mppt_voltage_4,5.7
158,62,Model-SolarPanel,0.51,1.05164
158,63,Model-MPPT,415.332,409.96,415.332,414.413
158,64,Model-Sun,out_temperature,35
158,64,Model-Sun,out_irridiance,104
158,64,Model-Sun,32,7
159,62,Model-SolarPanel,out_mppt_voltage_1,4.45
159,62,Model-SolarPanel,out_mppt_voltage_2,3.4
159,62,Model-SolarPanel,out_mppt_voltage_3,3.4
159,62,Model-SolarPanel,out_mppt_voltage_4,4.45
159,62,Model-SolarPanel,0.42,0.0685225
159,63,Model-MPPT,419.782,413.36,419.782,418.863
159,64,Model-Sun,out_temperature,32
159,64,Model-Sun,out_irridiance,7
159,64,Model-Sun,31,0
160,62,Model-SolarPanel,out_mppt_voltage_1,4.09
160,62,Model-SolarPanel,out_mppt_voltage_2,4.09
160,62,Model-SolarPanel,out_mppt_voltage_3,4.09
160,62,Model-SolarPanel,out_mppt_voltage_4,3.08
160,62,Model-SolarPanel,0,0
160,63,Model-MPPT,423.872,417.45,423.872,421.943
160,64,Model-Sun,out_temperature,31
160,64,Model-Sun,out_irridiance,0
160,64,Model-Sun,30,0
161,62,Model-SolarPanel,out_mppt_voltage_1,3.28
161,62,Model-SolarPanel,out_mppt_voltage_2,4.2
161,62,Model-SolarPanel,out_mppt_voltage_3,3.28
161,62,Model-SolarPanel,out_mppt_voltage_4,3.28
161,62,Model-SolarPanel,0,0
161,63,Model-MPPT,427.152,421.65,427.152,425.223
161,64,Model-Sun,out_temperature,30
161,64,Model-Sun,out_irridiance,0
161,64,Model-Sun,29,0
162,62,Model-SolarPanel,out_mppt_voltage_1,0
162,62,Model-SolarPanel,out_mppt_voltage_2,-0.5
162,62,Model-SolarPanel,out_mppt_voltage_3,0
162,62,Model-SolarPanel,out_mppt_voltage_4,0
162,62,Model-SolarPanel,0,0
162,63,Model-MPPT,427.152,421.15,427.152,425.223
162,64,Model-Sun,out_temperature,29
162,64,Model-Sun,out_irridiance,0
162,64,Model-Sun,28,0
163,62,Model-SolarPanel,out_mppt_voltage_1,-0.5
163,62,Model-SolarPanel,out_mppt_voltage_2,-1
163,62,Model-SolarPanel,out_mppt_voltage_3,-0.5
163,62,Model-SolarPanel,out_mppt_voltage_4,-1
163,62,Model-SolarPanel,0,0
163,63,Model-MPPT,426.652,420.15,426.652,424.223
163,64,Model-Sun,out_temperature,28
163,64,Model-Sun,out_irridiance,0
163,64,Model-Sun,27,0
164,62,Model-SolarPanel,out_mppt_voltage_1,-0.5
164,62,Model-SolarPanel,out_mppt_voltage_2,0
164,62,Model-SolarPanel,out_mppt_voltage_3,-1
164,62,Model-SolarPanel,out_mppt_voltage_4,-0.5
164,62,Model-SolarPanel,0,0
164,63,Model-MPPT,426.152,420.15,426.152,423.723
164,64,Model-Sun,out_temperature,27
164,64,Model-Sun,out_irridiance,0
164,64,Model-Sun,26,0
165,62,Model-SolarPanel,out_mppt_voltage_1,-0.5
165,62,Model-SolarPanel,out_mppt_voltage_2,-1.5
165,62,Model-SolarPanel,out_mppt_voltage_3,-0.5
165,62,Model-SolarPanel,out_mppt_voltage_4,-0.5
165,62,Model-SolarPanel,0,0
165,63,Model-MPPT,425.652,418.65,425.652,423.223
165,64,Model-Sun,out_temperature,26
165,64,Model-Sun,out_irridiance,0
165,64,Model-Sun,26,0
166,62,Model-SolarPanel,out_mppt_voltage_1,-0.5
166,62,Model-SolarPanel,out_mppt_voltage_2,-0.5
166,62,Model-SolarPanel,out_mppt_voltage_3,-0.5
166,62,Model-SolarPanel,out_mppt_voltage_4,-1
166,62,Model-SolarPanel,0,0
166,63,Model-MPPT,425.152,418.15,425.152,422.223
166,64,Model-Sun,out_temperature,26
166,64,Model-Sun,out_irridiance,0
166,64,Model-Sun,25,0
167,62,Model-SolarPanel,out_mppt_voltage_1,-0.5
167,62,Model-SolarPanel,out_mppt_voltage_2,-0.5
167,62,Model-SolarPanel,out_mppt_voltage_3,-1.5
167,62,Model-SolarPanel,out_mppt_voltage_4,-0.5
167,62,Model-SolarPanel,0,0
167,63,Model-MPPT,424.652,417.65,424.652,421.723
167,64,Model-Sun,out_temperature,25
167,64,Model-Sun,out_irridiance,0
167,64,Model-Sun,25,0
168,62,Model-SolarPanel,out_mppt_voltage_1,0
168,62,Model-SolarPanel,out_mppt_voltage_2,-0.5
168,62,Model-SolarPanel,out_mppt_voltage_3,0
168,62,Model-SolarPanel,out_mppt_voltage_4,0
168,62,Model-SolarPanel,0,0
168,63,Model-MPPT,424.652,417.15,424.652,421.723
168,64,Model-Sun,out_temperature,25
168,64,Model-Sun,out_irridiance,0
168,64,Model-Sun,25,0
169,62,Model-SolarPanel,out_mppt_voltage_1,-0.5
169,62,Model-SolarPanel,out_mppt_voltage_2,-0.5
169,62,Model-SolarPanel,out_mppt_voltage_3,0
169,62,Model-SolarPanel,out_mppt_voltage_4,0
169,62,Model-SolarPanel,0,0
169,63,Model-MPPT,424.152,416.65,424.152,421.723
169,64,Model-Sun,out_temperature,25
169,64,Model-Sun,out_irridiance,0
169,64,Model-Sun,26,26
170,62,Model-SolarPanel,out_mppt_voltage_1,0
170,62,Model-SolarPanel,out_mppt_voltage_2,-0.5
170,62,Model-SolarPanel,out_mppt_voltage_3,-1
170,62,Model-SolarPanel,out_mppt_voltage_4,0
170,62,Model-SolarPanel,0.47,0.258668
170,63,Model-MPPT,424.152,416.15,424.152,421.723
170,64,Model-Sun,out_temperature,26
170,64,Model-Sun,out_irridiance,26
170,64,Model-Sun,27,183
171,62,Model-SolarPanel,out_mppt_voltage_1,-1.5
171,62,Model-SolarPanel,out_mppt_voltage_2,-0.5
171,62,Model-SolarPanel,out_mppt_voltage_3,0
171,62,Model-SolarPanel,out_mppt_voltage_4,0
171,62,Model-SolarPanel,0.54,1.83994
171,63,Model-MPPT,422.652,415.65,422.652,421.723
171,64,Model-Sun,out_temperature,27
171,64,Model-Sun,out_irridiance,183
171,64,Model-Sun,30,354
172,62,Model-SolarPanel,out_mppt_voltage_1,2.76
172,62,Model-SolarPanel,out_mppt_voltage_2,4.7
172,62,Model-SolarPanel,out_mppt_voltage_3,2.76
172,62,Model-SolarPanel,out_mppt_voltage_4,3.73
172,62,Model-SolarPanel,0.56,3.58731
172,63,Model-MPPT,425.412,420.35,425.412,425.453
172,64,Model-Sun,out_temperature,30
172,64,Model-Sun,out_irridiance,354
172,64,Model-Sun,33,535
173,62,Model-SolarPanel,out_mppt_voltage_1,4.36
173,62,Model-SolarPanel,out_mppt_voltage_2,5.4
173,62,Model-SolarPanel,out_mppt_voltage_3,4.36
173,62,Model-SolarPanel,out_mppt_voltage_4,4.36
173,62,Model-SolarPanel,0.57,5.46531
173,63,Model-MPPT,429.772,425.75,429.772,429.813
173,64,Model-Sun,out_temperature,33
173,64,Model-Sun,out_irridiance,535
173,64,Model-Sun,35,746
174,62,Model-SolarPanel,out_mppt_voltage_1,5.6
174,62,Model-SolarPanel,out_mppt_voltage_2,4.54
174,62,Model-SolarPanel,out_mppt_voltage_3,4.54
174,62,Model-SolarPanel,out_mppt_voltage_4,3.48
174,62,Model-SolarPanel,0.59,7.52195
174,63,Model-MPPT,435.372,430.29,435.372,433.293
174,64,Model-Sun,out_temperature,35
174,64,Model-Sun,out_irridiance,746
174,64,Model-Sun,36,858
175,62,Model-SolarPanel,out_mppt_voltage_1,5.7
175,62,Model-SolarPanel,out_mppt_voltage_2,4.63
175,62,Model-SolarPanel,out_mppt_voltage_3,4.63
175,62,Model-SolarPanel,out_mppt_voltage_4,5.7
175,62,Model-SolarPanel,0.59,8.7306
175,63,Model-MPPT,441.072,434.92,441.072,438.993
175,64,Model-Sun,out_temperature,36
175,64,Model-Sun,out_irridiance,858
175,64,Model-Sun,37,841
176,62,Model-SolarPanel,out_mppt_voltage_1,5.9
176,62,Model-SolarPanel,out_mppt_voltage_2,3.72
176,62,Model-SolarPanel,out_mppt_voltage_3,4.81
176,62,Model-SolarPanel,out_mppt_voltage_4,5.9
176,62,Model-SolarPanel,0.59,8.54088
176,63,Model-MPPT,446.972,438.64,446.972,444.893
176,64,Model-Sun,out_temperature,37
176,64,Model-Sun,out_irridiance,841
176,64,Model-Sun,38,804
177,62,Model-SolarPanel,out_mppt_voltage_1,4.81
177,62,Model-SolarPanel,out_mppt_voltage_2,4.81
177,62,Model-SolarPanel,out_mppt_voltage_3,5.9
177,62,Model-SolarPanel,out_mppt_voltage_4,5.9
177,62,Model-SolarPanel,0.59,8.13435
177,63,Model-MPPT,451.782,443.45,451.782,450.793
177,64,Model-Sun,out_temperature,38
177,64,Model-Sun,out_irridiance,804
177,64,Model-Sun,39,690
178,62,Model-SolarPanel,out_mppt_voltage_1,3.72
178,62,Model-SolarPanel,out_mppt_voltage_2,2.63
178,62,Model-SolarPanel,out_mppt_voltage_3,3.72
178,62,Model-SolarPanel,out_mppt_voltage_4,3.72
178,62,Model-SolarPanel,0.58,7.0219
178,63,Model-MPPT,455.502,446.08,455.502,454.513
178,64,Model-Sun,out_temperature,39
178,64,Model-Sun,out_irridiance,690
178,64,Model-Sun,38,620
179,62,Model-SolarPanel,out_mppt_voltage_1,4.81
179,62,Model-SolarPanel,out_mppt_voltage_2,5.9
179,62,Model-SolarPanel,out_mppt_voltage_3,4.81
179,62,Model-SolarPanel,out_mppt_voltage_4,3.72
179,62,Model-SolarPanel,0.58,6.26773
179,63,Model-MPPT,460.312,451.98,460.312,458.233
179,64,Model-Sun,out_temperature,38
179,64,Model-Sun,out_irridiance,620
179,64,Model-Sun,38,443
180,62,Model-SolarPanel,out_mppt_voltage_1,4.72
180,62,Model-SolarPanel,out_mppt_voltage_2,4.72
180,62,Model-SolarPanel,out_mppt_voltage_3,3.64
180,62,Model-SolarPanel,out_mppt_voltage_4,5.8
180,62,Model-SolarPanel,0.57,4.44882
180,63,Model-MPPT,465.032,456.7,465.032,464.033
180,64,Model-Sun,out_temperature,38
180,64,Model-Sun,out_irridiance,443
180,64,Model-Sun,37,284
181,62,Model-SolarPanel,out_mppt_voltage_1,4.72
181,62,Model-SolarPanel,out_mppt_voltage_2,4.72
181,62,Model-SolarPanel,out_mppt_voltage_3,5.8
181,62,Model-SolarPanel,out_mppt_voltage_4,2.56
181,62,Model-SolarPanel,0.55,2.86643
181,63,Model-MPPT,469.752,461.42,469.752,466.593
181,64,Model-Sun,out_temperature,37
181,64,Model-Sun,out_irridiance,284
181,64,Model-Sun,36,87
182,62,Model-SolarPanel,out_mppt_voltage_1,3.56
182,62,Model-SolarPanel,out_mppt_voltage_2,4.63
182,62,Model-SolarPanel,out_mppt_voltage_3,3.56
182,62,Model-SolarPanel,out_mppt_voltage_4,4.63
182,62,Model-SolarPanel,0.51,0.86613
182,63,Model-MPPT,473.312,466.05,473.312,471.223
182,64,Model-Sun,out_temperature,36
182,64,Model-Sun,out_irridiance,87
182,64,Model-Sun,32,7
183,62,Model-SolarPanel,out_mppt_voltage_1,5.5
183,62,Model-SolarPanel,out_mppt_voltage_2,4.45
183,62,Model-SolarPanel,out_mppt_voltage_3,5.5
183,62,Model-SolarPanel,out_mppt_voltage_4,3.4
183,62,Model-SolarPanel,0.42,0.0685225
183,63,Model-MPPT,478.812,470.5,478.812,474.623
183,64,Model-Sun,out_temperature,32
183,64,Model-Sun,out_irridiance,7
183,64,Model-Sun,31,0
184,62,Model-SolarPanel,out_mppt_voltage_1,5.1
184,62,Model-SolarPanel,out_mppt_voltage_2,3.08
184,62,Model-SolarPanel,out_mppt_voltage_3,5.1
184,62,Model-SolarPanel,out_mppt_voltage_4,2.07
184,62,Model-SolarPanel,0,0
184,63,Model-MPPT,483.912,473.58,483.912,476.693
184,64,Model-Sun,out_temperature,31
184,64,Model-Sun,out_irridiance,0
184,64,Model-Sun,30,0
185,62,Model-SolarPanel,out_mppt_voltage_1,2.36
185,62,Model-SolarPanel,out_mppt_voltage_2,4.2
185,62,Model-SolarPanel,out_mppt_voltage_3,4.2
185,62,Model-SolarPanel,out_mppt_voltage_4,2.36
185,62,Model-SolarPanel,0,0
185,63,Model-MPPT,486.272,477.78,486.272,479.053
185,64,Model-Sun,out_temperature,30
185,64,Model-Sun,out_irridiance,0
185,64,Model-Sun,29,0
186,62,Model-SolarPanel,out_mppt_voltage_1,-0.5
186,62,Model-SolarPanel,out_mppt_voltage_2,-0.5
186,62,Model-SolarPanel,out_mppt_voltage_3,-0.5
186,62,Model-SolarPanel,out_mppt_voltage_4,0
186,62,Model-SolarPanel,0,0
186,63,Model-MPPT,485.772,477.28,485.772,479.053
186,64,Model-Sun,out_temperature,29
186,64,Model-Sun,out_irridiance,0
186,64,Model-Sun,29,0
187,62,Model-SolarPanel,out_mppt_voltage_1,0
187,62,Model-SolarPanel,out_mppt_voltage_2,-0.5
187,62,Model-SolarPanel,out_mppt_voltage_3,0
187,62,Model-SolarPanel,out_mppt_voltage_4,0
187,62,Model-SolarPanel,0,0
187,63,Model-MPPT,485.772,476.78,485.772,479.053
187,64,Model-Sun,out_temperature,29
187,64,Model-Sun,out_irridiance,0
187,64,Model-Sun,28,0
188,62,Model-SolarPanel,out_mppt_voltage_1,0
188,62,Model-SolarPanel,out_mppt_voltage_2,-1
188,62,Model-SolarPanel,out_mppt_voltage_3,-1
188,62,Model-SolarPanel,out_mppt_voltage_4,0
188,62,Model-SolarPanel,0,0
188,63,Model-MPPT,485.772,475.78,485.772,479.053
188,64,Model-Sun,out_temperature,28
188,64,Model-Sun,out_irridiance,0
188,64,Model-Sun,27,0
189,62,Model-SolarPanel,out_mppt_voltage_1,0
189,62,Model-SolarPanel,out_mppt_voltage_2,0
189,62,Model-SolarPanel,out_mppt_voltage_3,0
189,62,Model-SolarPanel,out_mppt_voltage_4,0
189,62,Model-SolarPanel,0,0
189,63,Model-MPPT,485.772,475.78,485.772,479.053
189,64,Model-Sun,out_temperature,27
189,64,Model-Sun,out_irridiance,0
189,64,Model-Sun,26,0
190,62,Model-SolarPanel,out_mppt_voltage_1,-1
190,62,Model-SolarPanel,out_mppt_voltage_2,-1
190,62,Model-SolarPanel,out_mppt_voltage_3,-1
190,62,Model-SolarPanel,out_mppt_voltage_4,0
190,62,Model-SolarPanel,0,0
190,63,Model-MPPT,484.772,474.78,484.772,479.053
190,64,Model-Sun,out_temperature,26
190,64,Model-Sun,out_irridiance,0
190,64,Model-Sun,25,0
191,62,Model-SolarPanel,out_mppt_voltage_1,0
191,62,Model-SolarPanel,out_mppt_voltage_2,-0.5
191,62,Model-SolarPanel,out_mppt_voltage_3,0
191,62,Model-SolarPanel,out_mppt_voltage_4,-0.5
191,62,Model-SolarPanel,0,0
191,63,Model-MPPT,484.772,474.28,484.772,478.553
191,64,Model-Sun,out_temperature,25
191,64,Model-Sun,out_irridiance,0
191,64,Model-Sun,25,0
192,62,Model-SolarPanel,out_mppt_voltage_1,-1.5
192,62,Model-SolarPanel,out_mppt_voltage_2,0
192,62,Model-SolarPanel,out_mppt_voltage_3,0
192,62,Model-SolarPanel,out_mppt_voltage_4,-0.5
192,62,Model-SolarPanel,0,0
192,63,Model-MPPT,483.272,474.28,483.272,478.053
192,64,Model-Sun,out_temperature,25
192,64,Model-Sun,out_irridiance,0
192,64,Model-Sun,24,0
193,62,Model-SolarPanel,out_mppt_voltage_1,0
193,62,Model-SolarPanel,out_mppt_voltage_2,-1
193,62,Model-SolarPanel,out_mppt_voltage_3,0
193,62,Model-SolarPanel,out_mppt_voltage_4,-0.5
193,62,Model-SolarPanel,0,0
193,63,Model-MPPT,483.272,473.28,483.272,477.553
193,64,Model-Sun,out_temperature,24
193,64,Model-Sun,out_irridiance,0
193,64,Model-Sun,24,32
194,62,Model-SolarPanel,out_mppt_voltage_1,-0.5
194,62,Model-SolarPanel,out_mppt_voltage_2,-0.5
194,62,Model-SolarPanel,out_mppt_voltage_3,-1.5
194,62,Model-SolarPanel,out_mppt_voltage_4,0
194,62,Model-SolarPanel,0.48,0.318033
194,63,Model-MPPT,482.772,472.78,482.772,477.553
194,64,Model-Sun,out_temperature,24
194,64,Model-Sun,out_irridiance,32
194,64,Model-Sun,26,173
195,62,Model-SolarPanel,out_mppt_voltage_1,-1
195,62,Model-SolarPanel,out_mppt_voltage_2,0
195,62,Model-SolarPanel,out_mppt_voltage_3,0
195,62,Model-SolarPanel,out_mppt_voltage_4,-0.5
195,62,Model-SolarPanel,0.54,1.7336
195,63,Model-MPPT,481.772,472.78,481.772,477.053
195,64,Model-Sun,out_temperature,26
195,64,Model-Sun,out_irridiance,173
195,64,Model-Sun,30,352
196,62,Model-SolarPanel,out_mppt_voltage_1,2.84
196,62,Model-SolarPanel,out_mppt_voltage_2,3.82
196,62,Model-SolarPanel,out_mppt_voltage_3,3.82
196,62,Model-SolarPanel,out_mppt_voltage_4,2.84
196,62,Model-SolarPanel,0.56,3.56563
196,63,Model-MPPT,484.612,476.6,484.612,479.893
196,64,Model-Sun,out_temperature,30
196,64,Model-Sun,out_irridiance,352
196,64,Model-Sun,34,539
197,62,Model-SolarPanel,out_mppt_voltage_1,4.36
197,62,Model-SolarPanel,out_mppt_voltage_2,3.32
197,62,Model-SolarPanel,out_mppt_voltage_3,5.4
197,62,Model-SolarPanel,out_mppt_voltage_4,4.36
197,62,Model-SolarPanel,0.57,5.50487
197,63,Model-MPPT,488.972,479.92,488.972,484.253
197,64,Model-Sun,out_temperature,34
197,64,Model-Sun,out_irridiance,539
197,64,Model-Sun,37,708
198,62,Model-SolarPanel,out_mppt_voltage_1,4.54
198,62,Model-SolarPanel,out_mppt_voltage_2,5.6
198,62,Model-SolarPanel,out_mppt_voltage_3,4.54
198,62,Model-SolarPanel,out_mppt_voltage_4,3.48
198,62,Model-SolarPanel,0.58,7.22627
198,63,Model-MPPT,493.512,485.52,493.512,487.733
198,64,Model-Sun,out_temperature,37
198,64,Model-Sun,out_irridiance,708
198,64,Model-Sun,38,854
199,62,Model-SolarPanel,out_mppt_voltage_1,5.7
199,62,Model-SolarPanel,out_mppt_voltage_2,5.7
199,62,Model-SolarPanel,out_mppt_voltage_3,5.7
199,62,Model-SolarPanel,out_mppt_voltage_4,5.7
199,62,Model-SolarPanel,0.59,8.67635
199,63,Model-MPPT,499.212,491.22,499.212,493.433
199,64,Model-Sun,out_temperature,38
199,64,Model-Sun,out_irridiance,854
199,64,Model-Sun,39,835
200,62,Model-SolarPanel,out_mppt_voltage_1,2.56
200,62,Model-SolarPanel,out_mppt_voltage_2,4.72
200,62,Model-SolarPanel,out_mppt_voltage_3,4.72
200,62,Model-SolarPanel,out_mppt_voltage_4,5.8
200,62,Model-SolarPanel,0.59,8.46492
200,63,Model-MPPT,501.772,495.94,501.772,499.233
200,64,Model-Sun,out_temperature,39
200,64,Model-Sun,out_irridiance,835
200,64,Model-Sun,40,782
201,62,Model-SolarPanel,out_mppt_voltage_1,4.81
201,62,Model-SolarPanel,out_mppt_voltage_2,2.63
201,62,Model-SolarPanel,out_mppt_voltage_3,5.9
201,62,Model-SolarPanel,out_mppt_voltage_4,3.72
201,62,Model-SolarPanel,0.59,7.88491
201,63,Model-MPPT,506.582,498.57,506.582,502.953
201,64,Model-Sun,out_temperature,40
201,64,Model-Sun,out_irridiance,782
201,64,Model-Sun,40,651
202,62,Model-SolarPanel,out_mppt_voltage_1,3.72
202,62,Model-SolarPanel,out_mppt_voltage_2,4.81
202,62,Model-SolarPanel,out_mppt_voltage_3,5.9
202,62,Model-SolarPanel,out_mppt_voltage_4,2.63
202,62,Model-SolarPanel,0.58,6.59449
202,63,Model-MPPT,510.302,503.38,510.302,505.583
202,64,Model-Sun,out_temperature,40
202,64,Model-Sun,out_irridiance,651
202,64,Model-Sun,40,365
203,62,Model-SolarPanel,out_mppt_voltage_1,5.9
203,62,Model-SolarPanel,out_mppt_voltage_2,5.9
203,62,Model-SolarPanel,out_mppt_voltage_3,5.9
203,62,Model-SolarPanel,out_mppt_voltage_4,5.9
203,62,Model-SolarPanel,0.56,3.67456
203,63,Model-MPPT,516.202,509.28,516.202,511.483
203,64,Model-Sun,out_temperature,40
203,64,Model-Sun,out_irridiance,365
203,64,Model-Sun,40,222
204,62,Model-SolarPanel,out_mppt_voltage_1,5.8
204,62,Model-SolarPanel,out_mppt_voltage_2,5.8
204,62,Model-SolarPanel,out_mppt_voltage_3,3.64
204,62,Model-SolarPanel,out_mppt_voltage_4,5.8
204,62,Model-SolarPanel,0.54,2.23443
204,63,Model-MPPT,522.002,515.08,522.002,517.283
204,64,Model-Sun,out_temperature,40
204,64,Model-Sun,out_irridiance,222
204,64,Model-Sun,39,114
205,62,Model-SolarPanel,out_mppt_voltage_1,5.6
205,62,Model-SolarPanel,out_mppt_voltage_2,4.54
205,62,Model-SolarPanel,out_mppt_voltage_3,5.6
205,62,Model-SolarPanel,out_mppt_voltage_4,5.6
205,62,Model-SolarPanel,0.51,1.15506
205,63,Model-MPPT,527.602,519.62,527.602,522.883
205,64,Model-Sun,out_temperature,39
205,64,Model-Sun,out_irridiance,114
205,64,Model-Sun,38,75
206,62,Model-SolarPanel,out_mppt_voltage_1,4.36
206,62,Model-SolarPanel,out_mppt_voltage_2,5.4
206,62,Model-SolarPanel,out_mppt_voltage_3,4.36
206,62,Model-SolarPanel,out_mppt_voltage_4,4.36
206,62,Model-SolarPanel,0.5,0.751056
206,63,Model-MPPT,531.962,525.02,531.962,527.243
206,64,Model-Sun,out_temperature,38
206,64,Model-Sun,out_irridiance,75
206,64,Model-Sun,34,7
207,62,Model-SolarPanel,out_mppt_voltage_1,4.09
207,62,Model-SolarPanel,out_mppt_voltage_2,4.09
207,62,Model-SolarPanel,out_mppt_voltage_3,4.09
207,62,Model-SolarPanel,out_mppt_voltage_4,3.08
207,62,Model-SolarPanel,0.41,0.0698831
207,63,Model-MPPT,536.052,529.11,536.052,530.323
207,64,Model-Sun,out_temperature,34
207,64,Model-Sun,out_irridiance,7
207,64,Model-Sun,33,0
208,62,Model-SolarPanel,out_mppt_voltage_1,4
208,62,Model-SolarPanel,out_mppt_voltage_2,4
208,62,Model-SolarPanel,out_mppt_voltage_3,3
208,62,Model-SolarPanel,out_mppt_voltage_4,3
208,62,Model-SolarPanel,0,0
208,63,Model-MPPT,540.052,533.11,540.052,533.323
208,64,Model-Sun,out_temperature,33
208,64,Model-Sun,out_irridiance,0
208,64,Model-Sun,32,0
209,62,Model-SolarPanel,out_mppt_voltage_1,4.1
209,62,Model-SolarPanel,out_mppt_voltage_2,4.1
209,62,Model-SolarPanel,out_mppt_voltage_3,2.28
209,62,Model-SolarPanel,out_mppt_voltage_4,3.19
209,62,Model-SolarPanel,0,0
209,63,Model-MPPT,544.152,537.21,544.152,536.513
209,64,Model-Sun,out_temperature,32
209,64,Model-Sun,out_irridiance,0
209,64,Model-Sun,31,0
210,62,Model-SolarPanel,out_mppt_voltage_1,-0.5
210,62,Model-SolarPanel,out_mppt_voltage_2,-0.5
210,62,Model-SolarPanel,out_mppt_voltage_3,-0.5
210,62,Model-SolarPanel,out_mppt_voltage_4,-0.5
210,62,Model-SolarPanel,0,0
210,63,Model-MPPT,543.652,536.71,543.652,536.013
210,64,Model-Sun,out_temperature,31
210,64,Model-Sun,out_irridiance,0
210,64,Model-Sun,30,0
211,62,Model-SolarPanel,out_mppt_voltage_1,-0.5
211,62,Model-SolarPanel,out_mppt_voltage_2,-0.5
211,62,Model-SolarPanel,out_mppt_voltage_3,0
211,62,Model-SolarPanel,out_mppt_voltage_4,-1
211,62,Model-SolarPanel,0,0
211,63,Model-MPPT,543.152,536.21,543.152,535.013
211,64,Model-Sun,out_temperature,30
211,64,Model-Sun,out_irridiance,0
211,64,Model-Sun,30,0
212,62,Model-SolarPanel,out_mppt_voltage_1,0
212,62,Model-SolarPanel,out_mppt_voltage_2,0
212,62,Model-SolarPanel,out_mppt_voltage_3,-0.5
212,62,Model-SolarPanel,out_mppt_voltage_4,-0.5
212,62,Model-SolarPanel,0,0
212,63,Model-MPPT,543.152,536.21,543.152,534.513
212,64,Model-Sun,out_temperature,30
212,64,Model-Sun,out_irridiance,0
212,64,Model-Sun,29,0
213,62,Model-SolarPanel,out_mppt_voltage_1,-2
213,62,Model-SolarPanel,out_mppt_voltage_2,0
213,62,Model-SolarPanel,out_mppt_voltage_3,-1.5
213,62,Model-SolarPanel,out_mppt_voltage_4,0
213,62,Model-SolarPanel,0,0
213,63,Model-MPPT,541.152,536.21,541.152,534.513
213,64,Model-Sun,out_temperature,29
213,64,Model-Sun,out_irridiance,0
213,64,Model-Sun,29,0
214,62,Model-SolarPanel,out_mppt_voltage_1,-0.5
214,62,Model-SolarPanel,out_mppt_voltage_2,-0.5
214,62,Model-SolarPanel,out_mppt_voltage_3,-0.5
214,62,Model-SolarPanel,out_mppt_voltage_4,-0.5
214,62,Model-SolarPanel,0,0
214,63,Model-MPPT,540.652,535.71,540.652,534.013
214,64,Model-Sun,out_temperature,29
214,64,Model-Sun,out_irridiance,0
214,64,Model-Sun,29,0
215,62,Model-SolarPanel,out_mppt_voltage_1,-0.5
215,62,Model-SolarPanel,out_mppt_voltage_2,0
215,62,Model-SolarPanel,out_mppt_voltage_3,-1
215,62,Model-SolarPanel,out_mppt_voltage_4,0
215,62,Model-SolarPanel,0,0
215,63,Model-MPPT,540.152,535.71,540.152,534.013
215,64,Model-Sun,out_temperature,29
215,64,Model-Sun,out_irridiance,0
215,64,Model-Sun,29,0
216,62,Model-SolarPanel,out_mppt_voltage_1,-0.5
216,62,Model-SolarPanel,out_mppt_voltage_2,0
216,62,Model-SolarPanel,out_mppt_voltage_3,0
216,62,Model-SolarPanel,out_mppt_voltage_4,-1.5
216,62,Model-SolarPanel,0,0
216,63,Model-MPPT,539.652,535.71,539.652,532.513
216,64,Model-Sun,out_temperature,29
216,64,Model-Sun,out_irridiance,0
216,64,Model-Sun,28,0
217,62,Model-SolarPanel,out_mppt_voltage_1,-0.5
217,62,Model-SolarPanel,out_mppt_voltage_2,0
217,62,Model-SolarPanel,out_mppt_voltage_3,-0.5
217,62,Model-SolarPanel,out_mppt_voltage_4,0
217,62,Model-SolarPanel,0,0
217,63,Model-MPPT,539.152,535.71,539.152,532.513
217,64,Model-Sun,out_temperature,28
217,64,Model-Sun,out_irridiance,0
217,64,Model-Sun,27,26
218,62,Model-SolarPanel,out_mppt_voltage_1,-0.5
218,62,Model-SolarPanel,out_mppt_voltage_2,-0.5
218,62,Model-SolarPanel,out_mppt_voltage_3,-0.5
218,62,Model-SolarPanel,out_mppt_voltage_4,-1.5
218,62,Model-SolarPanel,0.47,0.258189
218,63,Model-MPPT,538.652,535.21,538.652,531.013
218,64,Model-Sun,out_temperature,27
218,64,Model-Sun,out_irridiance,26
218,64,Model-Sun,30,114
219,62,Model-SolarPanel,out_mppt_voltage_1,-0.5
219,62,Model-SolarPanel,out_mppt_voltage_2,0
219,62,Model-SolarPanel,out_mppt_voltage_3,0
219,62,Model-SolarPanel,out_mppt_voltage_4,0
219,62,Model-SolarPanel,0.52,1.1457
219,63,Model-MPPT,538.152,535.21,538.152,531.013
219,64,Model-Sun,out_temperature,30
219,64,Model-Sun,out_irridiance,114
219,64,Model-Sun,33,227
220,62,Model-SolarPanel,out_mppt_voltage_1,1.79
220,62,Model-SolarPanel,out_mppt_voltage_2,3.73
220,62,Model-SolarPanel,out_mppt_voltage_3,4.7
220,62,Model-SolarPanel,out_mppt_voltage_4,3.73
220,62,Model-SolarPanel,0.54,2.30418
220,63,Model-MPPT,539.942,538.94,539.942,534.743
220,64,Model-Sun,out_temperature,33
220,64,Model-Sun,out_irridiance,227
220,64,Model-Sun,37,367
221,62,Model-SolarPanel,out_mppt_voltage_1,5.2
221,62,Model-SolarPanel,out_mppt_voltage_2,5.2
221,62,Model-SolarPanel,out_mppt_voltage_3,5.2
221,62,Model-SolarPanel,out_mppt_voltage_4,5.2
221,62,Model-SolarPanel,0.56,3.70602
221,63,Model-MPPT,545.142,544.14,545.142,539.943
221,64,Model-Sun,out_temperature,37
221,64,Model-Sun,out_irridiance,367
221,64,Model-Sun,38,525
222,62,Model-SolarPanel,out_mppt_voltage_1,4.36
222,62,Model-SolarPanel,out_mppt_voltage_2,4.36
222,62,Model-SolarPanel,out_mppt_voltage_3,4.36
222,62,Model-SolarPanel,out_mppt_voltage_4,2.28
222,62,Model-SolarPanel,0.57,5.3377
222,63,Model-MPPT,549.502,548.5,549.502,542.223
222,64,Model-Sun,out_temperature,38
222,64,Model-Sun,out_irridiance,525
222,64,Model-Sun,:3,:759
223,62,Model-SolarPanel,out_mppt_voltage_1,5.6
223,62,Model-SolarPanel,out_mppt_voltage_2,1.36
223,62,Model-SolarPanel,out_mppt_voltage_3,5.6
223,62,Model-SolarPanel,out_mppt_voltage_4,5.6
223,62,Model-SolarPanel,0.59,7.64108
223,63,Model-MPPT,555.102,549.86,555.102,547.823
223,64,Model-Sun,out_temperature,39
223,64,Model-Sun,out_irridiance,759
223,64,Model-Sun,:4,:665
224,62,Model-SolarPanel,out_mppt_voltage_1,4.63
224,62,Model-SolarPanel,out_mppt_voltage_2,2.49
224,62,Model-SolarPanel,out_mppt_voltage_3,2.49
224,62,Model-SolarPanel,out_mppt_voltage_4,3.56
224,62,Model-SolarPanel,0.58,6.74625
224,63,Model-MPPT,559.732,552.35,559.732,551.383
224,64,Model-Sun,out_temperature,40
224,64,Model-Sun,out_irridiance,665
224,64,Model-Sun,:4,:611
225,62,Model-SolarPanel,out_mppt_voltage_1,3.72
225,62,Model-SolarPanel,out_mppt_voltage_2,4.81
225,62,Model-SolarPanel,out_mppt_voltage_3,4.81
225,62,Model-SolarPanel,out_mppt_voltage_4,3.72
225,62,Model-SolarPanel,0.58,6.16089
225,63,Model-MPPT,563.452,557.16,563.452,555.103
225,64,Model-Sun,out_temperature,40
225,64,Model-Sun,out_irridiance,611
225,64,Model-Sun,:4,:568
226,62,Model-SolarPanel,out_mppt_voltage_1,4.72
226,62,Model-SolarPanel,out_mppt_voltage_2,5.8
226,62,Model-SolarPanel,out_mppt_voltage_3,4.72
226,62,Model-SolarPanel,out_mppt_voltage_4,3.64
226,62,Model-SolarPanel,0.57,5.79601
226,63,Model-MPPT,568.172,562.96,568.172,558.743
226,64,Model-Sun,out_temperature,40
226,64,Model-Sun,out_irridiance,568
226,64,Model-Sun,:4,:605
227,62,Model-SolarPanel,out_mppt_voltage_1,3.64
227,62,Model-SolarPanel,out_mppt_voltage_2,5.8
227,62,Model-SolarPanel,out_mppt_voltage_3,5.8
227,62,Model-SolarPanel,out_mppt_voltage_4,4.72
227,62,Model-SolarPanel,0.58,6.09585
227,63,Model-MPPT,571.812,568.76,571.812,563.463
227,64,Model-Sun,out_temperature,40
227,64,Model-Sun,out_irridiance,605
227,64,Model-Sun,:3,:401
228,62,Model-SolarPanel,out_mppt_voltage_1,4.63
228,62,Model-SolarPanel,out_mppt_voltage_2,5.7
228,62,Model-SolarPanel,out_mppt_voltage_3,4.63
228,62,Model-SolarPanel,out_mppt_voltage_4,2.49
228,62,Model-SolarPanel,0.56,4.06808
228,63,Model-MPPT,576.442,574.46,576.442,565.953
228,64,Model-Sun,out_temperature,39
228,64,Model-Sun,out_irridiance,401
228,64,Model-Sun,:3,:230
229,62,Model-SolarPanel,out_mppt_voltage_1,4.72
229,62,Model-SolarPanel,out_mppt_voltage_2,4.72
229,62,Model-SolarPanel,out_mppt_voltage_3,3.64
229,62,Model-SolarPanel,out_mppt_voltage_4,4.72
229,62,Model-SolarPanel,0.54,2.32567
229,63,Model-MPPT,581.162,579.18,581.162,570.673
229,64,Model-Sun,out_temperature,38
229,64,Model-Sun,out_irridiance,230
229,64,Model-Sun,:3,:92
230,62,Model-SolarPanel,out_mppt_voltage_1,4.54
230,62,Model-SolarPanel,out_mppt_voltage_2,5.6
230,62,Model-SolarPanel,out_mppt_voltage_3,3.48
230,62,Model-SolarPanel,out_mppt_voltage_4,5.6
230,62,Model-SolarPanel,0.51,0.919093
230,63,Model-MPPT,585.702,584.78,585.702,576.273
230,64,Model-Sun,out_temperature,37
230,64,Model-Sun,out_irridiance,92
230,64,Model-Sun,:3,:8
231,62,Model-SolarPanel,out_mppt_voltage_1,1.24
231,62,Model-SolarPanel,out_mppt_voltage_2,5.4
231,62,Model-SolarPanel,out_mppt_voltage_3,4.36
231,62,Model-SolarPanel,out_mppt_voltage_4,2.28
231,62,Model-SolarPanel,0.42,0.078821
231,63,Model-MPPT,586.942,590.18,586.942,578.553
231,64,Model-Sun,out_temperature,35
231,64,Model-Sun,out_irridiance,8
231,64,Model-Sun,:3,:0
232,62,Model-SolarPanel,out_mppt_voltage_1,5.1
232,62,Model-SolarPanel,out_mppt_voltage_2,5.1
232,62,Model-SolarPanel,out_mppt_voltage_3,5.1
232,62,Model-SolarPanel,out_mppt_voltage_4,4.09
232,62,Model-SolarPanel,0,0
232,63,Model-MPPT,592.042,595.28,592.042,582.643
232,64,Model-Sun,out_temperature,33
232,64,Model-Sun,out_irridiance,0
232,64,Model-Sun,:3,:0
233,62,Model-SolarPanel,out_mppt_voltage_1,4.2
233,62,Model-SolarPanel,out_mppt_voltage_2,1.44
233,62,Model-SolarPanel,out_mppt_voltage_3,3.28
233,62,Model-SolarPanel,out_mppt_voltage_4,3.28
233,62,Model-SolarPanel,0,0
233,63,Model-MPPT,596.242,596.72,596.242,585.923
233,64,Model-Sun,out_temperature,32
233,64,Model-Sun,out_irridiance,0
233,64,Model-Sun,:3,:0
234,62,Model-SolarPanel,out_mppt_voltage_1,-0.5
234,62,Model-SolarPanel,out_mppt_voltage_2,0
234,62,Model-SolarPanel,out_mppt_voltage_3,-0.5
234,62,Model-SolarPanel,out_mppt_voltage_4,0
234,62,Model-SolarPanel,0,0
234,63,Model-MPPT,595.742,596.72,595.742,585.923
234,64,Model-Sun,out_temperature,30
234,64,Model-Sun,out_irridiance,0
234,64,Model-Sun,:2,:0
235,62,Model-SolarPanel,out_mppt_voltage_1,-0.5
235,62,Model-SolarPanel,out_mppt_voltage_2,-0.5
235,62,Model-SolarPanel,out_mppt_voltage_3,-0.5
235,62,Model-SolarPanel,out_mppt_voltage_4,0
235,62,Model-SolarPanel,0,0
235,63,Model-MPPT,595.242,596.22,595.242,585.923
235,64,Model-Sun,out_temperature,29
235,64,Model-Sun,out_irridiance,0
235,64,Model-Sun,:2,:0
236,62,Model-SolarPanel,out_mppt_voltage_1,-0.5
236,62,Model-SolarPanel,out_mppt_voltage_2,-1
236,62,Model-SolarPanel,out_mppt_voltage_3,-0.5
236,62,Model-SolarPanel,out_mppt_voltage_4,0
236,62,Model-SolarPanel,0,0
236,63,Model-MPPT,594.742,595.22,594.742,585.923
236,64,Model-Sun,out_temperature,28
236,64,Model-Sun,out_irridiance,0
236,64,Model-Sun,27,0
237,62,Model-SolarPanel,out_mppt_voltage_1,-0.5
237,62,Model-SolarPanel,out_mppt_voltage_2,0
237,62,Model-SolarPanel,out_mppt_voltage_3,-0.5
237,62,Model-SolarPanel,out_mppt_voltage_4,0
237,62,Model-SolarPanel,0,0
237,63,Model-MPPT,594.242,595.22,594.242,585.923
237,64,Model-Sun,out_temperature,27
237,64,Model-Sun,out_irridiance,0
237,64,Model-Sun,27,0
238,62,Model-SolarPanel,out_mppt_voltage_1,-0.5
238,62,Model-SolarPanel,out_mppt_voltage_2,0
238,62,Model-SolarPanel,out_mppt_voltage_3,-0.5
238,62,Model-SolarPanel,out_mppt_voltage_4,-1
238,62,Model-SolarPanel,0,0
238,63,Model-MPPT,593.742,595.22,593.742,584.923
238,64,Model-Sun,out_temperature,27
238,64,Model-Sun,out_irridiance,0
238,64,Model-Sun,26,0
239,62,Model-SolarPanel,out_mppt_voltage_1,-1
239,62,Model-SolarPanel,out_mppt_voltage_2,0
239,62,Model-SolarPanel,out_mppt_voltage_3,-0.5
239,62,Model-SolarPanel,out_mppt_voltage_4,-0.5
239,62,Model-SolarPanel,0,0
239,63,Model-MPPT,592.742,595.22,592.742,584.423
239,64,Model-Sun,out_temperature,26
239,64,Model-Sun,out_irridiance,0
239,64,Model-Sun,25,0
240,62,Model-SolarPanel,out_mppt_voltage_1,0
240,62,Model-SolarPanel,out_mppt_voltage_2,0
240,62,Model-SolarPanel,out_mppt_voltage_3,-0.5
240,62,Model-SolarPanel,out_mppt_voltage_4,-1
240,62,Model-SolarPanel,0,0
240,63,Model-MPPT,592.742,595.22,592.742,583.423
240,64,Model-Sun,out_temperature,25
240,64,Model-Sun,out_irridiance,0
240,64,Model-Sun,25,0
241,62,Model-SolarPanel,out_mppt_voltage_1,-2
241,62,Model-SolarPanel,out_mppt_voltage_2,0
241,62,Model-SolarPanel,out_mppt_voltage_3,-0.5
241,62,Model-SolarPanel,out_mppt_voltage_4,-0.5
241,62,Model-SolarPanel,0,0
241,63,Model-MPPT,590.742,595.22,590.742,582.923
241,64,Model-Sun,out_temperature,25
241,64,Model-Sun,out_irridiance,0
241,64,Model-Sun,25,31
242,62,Model-SolarPanel,out_mppt_voltage_1,0
242,62,Model-SolarPanel,out_mppt_voltage_2,-1
242,62,Model-SolarPanel,out_mppt_voltage_3,0
242,62,Model-SolarPanel,out_mppt_voltage_4,0
242,62,Model-SolarPanel,0.47,0.313341
242,63,Model-MPPT,590.742,594.22,590.742,582.923
242,64,Model-Sun,out_temperature,25
242,64,Model-Sun,out_irridiance,31
242,64,Model-Sun,27,164
243,62,Model-SolarPanel,out_mppt_voltage_1,-1
243,62,Model-SolarPanel,out_mppt_voltage_2,-0.5
243,62,Model-SolarPanel,out_mppt_voltage_3,0
243,62,Model-SolarPanel,out_mppt_voltage_4,0
243,62,Model-SolarPanel,0.53,1.66665
243,63,Model-MPPT,589.742,593.72,589.742,582.923
243,64,Model-Sun,out_temperature,27
243,64,Model-Sun,out_irridiance,164
243,64,Model-Sun,30,358
244,62,Model-SolarPanel,out_mppt_voltage_1,3.73
244,62,Model-SolarPanel,out_mppt_voltage_2,2.76
244,62,Model-SolarPanel,out_mppt_voltage_3,3.73
244,62,Model-SolarPanel,out_mppt_voltage_4,2.76
244,62,Model-SolarPanel,0.56,3.63067
244,63,Model-MPPT,593.472,596.48,593.472,585.683
244,64,Model-Sun,out_temperature,30
244,64,Model-Sun,out_irridiance,358
244,64,Model-Sun,34,555
245,62,Model-SolarPanel,out_mppt_voltage_1,5.3
245,62,Model-SolarPanel,out_mppt_voltage_2,4.27
245,62,Model-SolarPanel,out_mppt_voltage_3,3.24
245,62,Model-SolarPanel,out_mppt_voltage_4,5.3
245,62,Model-SolarPanel,0.58,5.58148
245,63,Model-MPPT,598.772,600.75,598.772,590.983
245,64,Model-Sun,out_temperature,34
245,64,Model-Sun,out_irridiance,555
245,64,Model-Sun,37,730
246,62,Model-SolarPanel,out_mppt_voltage_1,3.48
246,62,Model-SolarPanel,out_mppt_voltage_2,4.54
246,62,Model-SolarPanel,out_mppt_voltage_3,5.6
246,62,Model-SolarPanel,out_mppt_voltage_4,4.54
246,62,Model-SolarPanel,0.58,7.46475
246,63,Model-MPPT,602.252,605.29,602.252,595.523
246,64,Model-Sun,out_temperature,37
246,64,Model-Sun,out_irridiance,730
246,64,Model-Sun,:3,:832
247,62,Model-SolarPanel,out_mppt_voltage_1,5.8
247,62,Model-SolarPanel,out_mppt_voltage_2,4.72
247,62,Model-SolarPanel,out_mppt_voltage_3,4.72
247,62,Model-SolarPanel,out_mppt_voltage_4,1.48
247,62,Model-SolarPanel,0.59,8.43787
247,63,Model-MPPT,608.052,610.01,608.052,597.003
247,64,Model-Sun,out_temperature,38
247,64,Model-Sun,out_irridiance,832
247,64,Model-Sun,:4,:788
248,62,Model-SolarPanel,out_mppt_voltage_1,4.72
248,62,Model-SolarPanel,out_mppt_voltage_2,4.72
248,62,Model-SolarPanel,out_mppt_voltage_3,4.72
248,62,Model-SolarPanel,out_mppt_voltage_4,3.64
248,62,Model-SolarPanel,0.59,7.94995
248,63,Model-MPPT,612.772,614.73,612.772,600.643
248,64,Model-Sun,out_temperature,40
248,64,Model-Sun,out_irridiance,788
248,64,Model-Sun,:4,:772
249,62,Model-SolarPanel,out_mppt_voltage_1,4.81
249,62,Model-SolarPanel,out_mppt_voltage_2,5.9
249,62,Model-SolarPanel,out_mppt_voltage_3,5.9
249,62,Model-SolarPanel,out_mppt_voltage_4,5.9
249,62,Model-SolarPanel,0.59,7.77651
249,63,Model-MPPT,617.582,620.63,617.582,606.543
249,64,Model-Sun,out_temperature,40
249,64,Model-Sun,out_irridiance,772
249,64,Model-Sun,:4,:792
250,62,Model-SolarPanel,out_mppt_voltage_1,4.81
250,62,Model-SolarPanel,out_mppt_voltage_2,5.9
250,62,Model-SolarPanel,out_mppt_voltage_3,5.9
250,62,Model-SolarPanel,out_mppt_voltage_4,5.9
250,62,Model-SolarPanel,0.59,7.9878
250,63,Model-MPPT,622.392,626.53,622.392,612.443
250,64,Model-Sun,out_temperature,41
250,64,Model-Sun,out_irridiance,792
250,64,Model-Sun,41,78